geoid,name,state,type,cdbg_fy25,exempt_A,exempt_B,exempt_C,exempt_D,eligible,current_rate,prior_rate,hgir,recent_change,bps_permits_latest,extreme,bna_class,adjustment,adjusted_cdbg
0101852,Anniston,AL,Principal City,519183,True,True,True,False,False,-0.004747732877578237,-0.0030669187398203457,-0.2150849737198415,-329.0,11.0,False,,0.0,519183.0
0103076,Auburn,AL,Principal City,702799,False,True,True,False,False,0.05156000420143747,0.025407126855902185,0.33979280487993874,1485.0,1024.0,True,,0.0,702799.0
0105980,Bessemer,AL,Metro City,638197,True,False,True,False,False,-0.006302991214088505,0.009750888573480054,-1.0,215.0,37.0,False,,0.0,638197.0
0107000,Birmingham,AL,Principal City,5733710,True,True,True,False,False,-0.00952684970238804,0.006175008020299355,-1.0,446.0,676.0,False,,0.0,5733710.0
0120104,Decatur,AL,Principal City,424836,True,False,True,False,False,0.0062570389365559365,0.0002756988166681129,0.9155947086557854,-187.0,126.0,False,,0.0,424836.0
0121184,Dothan,AL,Principal City,537195,True,True,True,False,False,0.013560069206162817,0.011836838722630194,0.06785197979077445,163.0,271.0,False,,0.0,537195.0
0126896,Florence,AL,Principal City,321351,True,False,True,False,False,-0.0029529527996298155,0.004613291140746378,-1.0,373.0,131.0,False,,0.0,321351.0
0128696,Gadsden,AL,Principal City,900286,True,True,True,False,False,-0.011949621606048844,-0.006914006332687017,-0.26694839877653387,135.0,42.0,False,,0.0,900286.0
0137000,Huntsville,AL,Principal City,1400900,True,True,True,False,False,0.021504968896792542,0.01531256251336699,0.1681917865280018,1796.0,1485.0,False,,0.0,1400900.0
01073,Jefferson County,AL,Urban County,2114163,True,True,True,False,False,0.006687496859491215,0.0017013718832803448,0.5943739411237381,229.64871800001129,2117.0,False,,0.0,2114163.0
0150000,Mobile,AL,Principal City,2336237,True,False,True,False,False,0.011565750978027589,0.005955306896849644,0.3202114918655993,7636.0,674.0,False,,0.0,2336237.0
01097,Mobile County,AL,Urban County,1608060,True,False,True,False,False,-0.0075237806079397895,0.0011694509777160356,-1.0,-6946.0,1715.0,False,,0.0,1608060.0
0151000,Montgomery,AL,Principal City,1766448,True,True,True,False,False,0.0036276441524150105,0.0018338457927491447,0.32844487084594454,423.0,251.0,False,,0.0,1766448.0
0157048,Opelika,AL,Principal City,305551,True,True,True,False,False,0.03126682574631778,0.00035760939551021664,0.9773839821071001,631.0,543.0,False,,0.0,305551.0
01117,Shelby County,AL,Urban County,878552,True,False,True,False,False,0.009710630052156999,0.013285356479801447,-0.15545001396989458,1035.7496860000101,990.0,False,,0.0,878552.0
0177256,Tuscaloosa,AL,Principal City,877797,True,False,True,False,False,0.01588670998779751,0.016987117319832157,-0.03347366042101385,925.0,433.0,False,,0.0,877797.0
0203000,Anchorage,AK,Principal City,1899998,False,True,False,False,False,0.005006693967239295,0.006364410729139847,-0.11940060338490104,631.0,341.0,False,,0.0,1899998.0
0404720,Avondale,AZ,Metro City,695530,False,True,False,False,False,0.025847236895836234,0.011669639213554683,0.3778992057052621,718.0,1555.0,False,,0.0,695530.0
0410530,Casa Grande,AZ,Metro City,459381,True,True,False,False,False,0.025558639355169888,0.0036041080590742958,0.7528279480750216,855.0,1199.0,False,,0.0,459381.0
0412000,Chandler,AZ,Metro City,1486156,False,False,False,False,True,0.029111572065493307,0.0065212939815202375,0.6339730869295708,1356.0,1020.0,False,bonus,158757.92522201224,1644913.9252220122
0420050,Douglas,AZ,Principal City,183562,True,False,False,False,False,0.02068250537684202,-0.004910613063361935,1.0,-102.0,14.0,False,,0.0,183562.0
0423620,Flagstaff,AZ,Principal City,656638,False,False,False,False,True,0.026880913844283816,0.011171423163353511,0.4128390505365628,528.0,562.0,False,bonus,61817.245219190605,718455.2452191906
0427400,Gilbert,AZ,Metro City,1112194,False,False,False,False,True,0.040953163563358874,0.012264399563272521,0.5390845111006178,5353.0,1858.0,True,bonus,626719.154655923,1738913.1546559231
0427820,Glendale,AZ,Principal City,2376397,False,False,False,False,True,0.007948291996853873,0.0013506575171362556,0.7095032046137659,1889.0,1377.0,False,bonus,221160.56102093004,2597557.56102093
0428380,Goodyear,AZ,Metro City,415122,False,True,False,False,False,0.08036704245997894,0.012876353696663179,0.7238119968296342,2718.0,3195.0,True,,0.0,415122.0
0444270,Marana,AZ,Metro City,207209,False,True,False,False,False,0.050912683189460184,0.04612644294983048,0.04932278793153494,1064.0,1544.0,True,,0.0,207209.0
04013,Maricopa County,AZ,Urban County,2940912,False,False,False,False,True,0.013360169823297907,0.008459270442140676,0.22461159963485067,3071.3517779998947,36380.0,False,penalty,-294091.2,2646820.8
0446000,Mesa,AZ,Principal City,3675410,False,False,False,False,True,0.010711972798951086,0.011010941333802649,-0.013762818976519304,1863.0,2735.0,False,penalty,-367541.0,3307869.0
0454050,Peoria,AZ,Metro City,972829,False,True,False,False,False,0.03749699264543116,-0.002860229446212559,1.0,493.0,1901.0,False,,0.0,972829.0
0455000,Phoenix,AZ,Principal City,14389727,False,False,False,False,True,0.010045173645008898,0.0075919455240829326,0.13909460481647848,10198.0,8997.0,False,penalty,-1438972.7000000002,12950754.3
04019,Pima County,AZ,Urban County,2593824,True,False,False,False,False,0.0061884668697334,0.004587408342758614,0.14857805007975097,1510.0,5250.0,False,,0.0,2593824.0
04021,Pinal County,AZ,Urban County,1825148,False,True,False,False,False,0.01229973032348708,0.012816373070004161,-0.02057017915649162,4442.621010000032,9504.0,False,,0.0,1825148.0
0457380,Prescott,AZ,Principal City,275024,False,False,False,False,True,0.02594206571859292,0.004294466079336701,0.7159418872484076,-124.0,439.0,False,bonus,0.0,275024.0
0457450,Prescott Valley,AZ,Principal City,292411,False,False,False,False,True,0.020411582044440824,0.029142860868501153,-0.1761956811702954,725.0,548.0,False,penalty,-29241.100000000002,263169.9
0465000,Scottsdale,AZ,Principal City,1059148,False,True,False,False,False,0.0005167232447014225,0.01921257130204479,-0.9476186800823406,746.0,1320.0,False,,0.0,1059148.0
0466820,Sierra Vista,AZ,Principal City,245367,True,True,False,False,False,0.004732010668107245,0.004255985540816631,0.05296231954548271,311.0,5.0,False,,0.0,245367.0
0471510,Surprise,AZ,Metro City,748125,False,True,False,False,False,0.019996633511050188,0.007911261239556433,0.43304492794932375,1742.0,3490.0,False,,0.0,748125.0
0473000,Tempe,AZ,Principal City,1533148,False,False,False,False,True,0.01235221676822884,0.02508379177256126,-0.3400890078989098,1518.0,1075.0,False,penalty,-153314.80000000002,1379833.2
0477000,Tucson,AZ,Principal City,5108670,True,False,False,False,False,0.007034851799563757,0.0060249681637052355,0.07732753121397078,1987.0,1505.0,False,,0.0,5108670.0
0485540,Yuma,AZ,Principal City,984398,True,False,False,False,False,0.016459980629707882,0.008471142193927417,0.32043636751918997,958.0,686.0,False,,0.0,984398.0
0505320,Bentonville,AR,Principal City,296575,False,True,True,False,False,0.051643985090815914,0.042321930002515495,0.0992067717218665,1104.0,549.0,True,,0.0,296575.0
0515190,Conway,AR,Principal City,510478,True,False,True,False,False,0.01547436357290266,0.01001195346787731,0.21432716607445065,662.0,627.0,False,,0.0,510478.0
0523290,Fayetteville,AR,Principal City,834927,False,False,True,False,False,0.03758566413730491,0.007286775053083838,0.6752226897153121,1219.0,2236.0,False,,0.0,834927.0
0524550,Fort Smith,AR,Principal City,812726,True,False,True,False,False,0.0024490211226084746,0.00461000946983936,-0.30613103583129925,329.0,253.0,False,,0.0,812726.0
0533400,Hot Springs,AR,Principal City,419586,True,True,True,False,False,0.015747275084318613,0.014558331854892748,0.039231790731355826,464.0,111.0,False,,0.0,419586.0
0534750,Jacksonville,AR,Metro City,254968,True,True,True,False,False,0.009366130238798176,-0.001397061891889373,1.0,-247.0,128.0,False,,0.0,254968.0
0535710,Jonesboro,AR,Principal City,728792,True,False,True,False,False,0.0184204659678624,0.015775175564089805,0.07735753111404124,902.0,760.0,False,,0.0,728792.0
0541000,Little Rock,AR,Principal City,1546201,True,True,True,False,False,0.006766908174013375,0.006301820092359467,0.035587860744692876,-54.0,486.0,False,,0.0,1546201.0
0550450,North Little Rock,AR,Principal City,632968,True,False,True,False,False,0.023779627186853558,0.007484409893874666,0.5212128315643404,1696.0,175.0,False,,0.0,632968.0
0555310,Pine Bluff,AR,Principal City,641918,True,True,True,False,False,-0.023381855200523494,0.0031735575930587068,-1.0,-304.0,13.0,False,,0.0,641918.0
0560410,Rogers,AR,Principal City,529688,True,False,True,False,False,0.0239213605997608,0.02361464157895754,0.006452352043617492,981.0,633.0,False,,0.0,529688.0
0566080,Springdale,AR,Principal City,862531,True,False,True,False,False,0.024483248577059635,0.00899529057557924,0.4626234714384062,315.0,737.0,False,,0.0,862531.0
0568810,Texarkana,AR,Metro City,300959,True,True,True,False,False,0.003848829667377318,-0.004720938000532082,1.0,-71.0,21.0,False,,0.0,300959.0
0574540,West Memphis,AR,Metro City,241307,True,True,True,False,False,0.00037704016319661804,-0.00448488319523388,1.0,-127.0,29.0,False,,0.0,241307.0
0600562,Alameda,CA,Metro City,1096362,False,False,True,False,False,-0.0003403044966028279,0.001116697367541164,-1.0,162.0,88.0,False,,0.0,1096362.0
06001,Alameda County,CA,Urban County,1998590,False,False,True,False,False,0.010803015563893403,0.01073640679346477,0.0030924121048157465,309.0,1743.0,False,,0.0,1998590.0
0600884,Alhambra,CA,Metro City,815800,False,False,True,False,False,0.006424071509512519,0.006289925482467984,0.01055105071435435,621.0,134.0,False,,0.0,815800.0
0600947,Aliso Viejo,CA,Metro City,281469,False,False,True,False,False,0.009016333639149776,0.0028912327258434622,0.514387300104692,137.0,0.0,False,,0.0,281469.0
0602000,Anaheim,CA,Principal City,4066241,False,False,True,False,False,0.007381686057363446,0.0036839552722913727,0.33416326039436345,427.0,654.0,False,,0.0,4066241.0
0602252,Antioch,CA,Metro City,911040,False,False,True,False,False,0.01776688063494225,-0.0018498653586076497,1.0,693.0,319.0,False,,0.0,911040.0
0602364,Apple Valley,CA,Metro City,700456,False,False,True,False,False,-0.001811187230700173,-0.004432832289547273,0.41986496844635196,61.0,102.0,False,,0.0,700456.0
0603526,Bakersfield,CA,Principal City,4054795,False,False,True,False,False,0.01744937591095641,0.007307358299602162,0.4096670233276871,1848.0,1853.0,False,,0.0,4054795.0
0603666,Baldwin Park,CA,Metro City,850026,False,False,True,False,False,-0.0013443920464384362,0.004935231813594232,-1.0,146.0,130.0,False,,0.0,850026.0
0604982,Bellflower,CA,Metro City,943279,False,False,True,False,False,-0.0015404789754883685,-0.0015924284816236645,0.016581883393128966,184.0,111.0,False,,0.0,943279.0
0606000,Berkeley,CA,Principal City,2593026,False,True,True,False,False,0.0177311673946019,-0.0027224152326438267,1.0,1033.0,307.0,False,,0.0,2593026.0
0608786,Buena Park,CA,Metro City,751385,False,False,True,False,False,0.0024213162549509004,0.004453049957130473,-0.2955521482997075,-84.0,97.0,False,,0.0,751385.0
0608954,Burbank,CA,Principal City,1072998,False,False,True,False,False,0.010527086388960383,0.0014326247311680085,0.7604248603033769,-58.0,90.0,False,,0.0,1072998.0
0610046,Camarillo,CA,Principal City,345293,False,False,True,False,False,0.012354795957281173,0.006283348302546621,0.32575387174252124,246.0,485.0,False,,0.0,345293.0
0611194,Carlsbad,CA,Principal City,562903,False,False,True,False,False,-0.0023963378239922895,0.008134666672737101,-1.0,-146.0,289.0,False,,0.0,562903.0
0611530,Carson,CA,Principal City,693996,False,False,True,False,False,0.01728559454805567,0.002069702280946606,0.7861358263599107,465.0,2.0,False,,0.0,693996.0
0612048,Cathedral,CA,Metro City,511608,False,False,True,False,False,-0.008798693581982597,0.025399517867073174,-1.0,-515.0,90.0,False,,0.0,511608.0
0613014,Chico,CA,Principal City,992809,False,False,True,False,False,0.029550547507505742,0.009079331958215642,0.5299321621610402,1174.0,231.0,False,,0.0,992809.0
0613210,Chino,CA,Principal City,585259,False,False,True,False,False,0.03604576730409259,0.015444548371959188,0.40009890523384495,84.0,601.0,False,,0.0,585259.0
0613214,Chino Hills,CA,Metro City,400713,False,False,True,False,False,-0.005172756886638319,0.018310506088222267,-1.0,-334.0,37.0,False,,0.0,400713.0
0613392,Chula Vista,CA,Metro City,2346364,False,False,True,False,False,0.007879543795450195,0.004950621340460204,0.22828408083324028,-262.0,1223.0,False,,0.0,2346364.0
0613588,Citrus Heights,CA,Metro City,633964,False,False,True,False,False,-0.0020194140807526795,0.0029493473468378273,-1.0,-31.0,6.0,False,,0.0,633964.0
0614218,Clovis,CA,Metro City,710759,False,False,True,False,False,0.02474790842178387,0.016455666492046772,0.20125054554316535,1254.0,664.0,False,,0.0,710759.0
0615044,Compton,CA,Metro City,1340424,False,False,True,False,False,0.003625506929216149,-0.005172912225203441,1.0,-115.0,97.0,False,,0.0,1340424.0
0616000,Concord,CA,Metro City,987662,False,False,True,False,False,-0.0016395993004595377,0.0013611627760095057,-1.0,755.0,89.0,False,,0.0,987662.0
06013,Contra Costa Co.,CA,Urban County,4727157,False,False,True,False,False,0.006649007336013035,0.0061867192796971615,0.036015729390033877,246.0,2155.0,False,,0.0,4727157.0
0616350,Corona,CA,Principal City,1085264,False,False,True,False,False,0.0001496764299120379,0.010793809292658496,-0.9726455658267391,930.0,282.0,False,,0.0,1085264.0
0616532,Costa Mesa,CA,Principal City,907261,False,False,True,False,False,0.005980629982703656,0.000753054906326156,0.776332002837556,743.0,6.0,False,,0.0,907261.0
0617610,Cupertino,CA,Principal City,354559,False,False,True,False,False,-0.000980949898540584,0.005580153280221101,-1.0,-183.0,94.0,False,,0.0,354559.0
0617918,Daly,CA,Metro City,929286,False,True,True,False,False,0.017248923586125953,0.0026222373182585024,0.7360760822303118,508.0,4.0,False,,0.0,929286.0
0618100,Davis,CA,Metro City,730016,False,False,True,False,False,0.012381129653127987,0.0028330834761283175,0.6275741042853653,-321.0,111.0,False,,0.0,730016.0
0618394,Delano,CA,Metro City,513901,True,False,True,False,False,0.0020525885607955985,0.023415560639411304,-0.8388113290321918,259.0,129.0,False,,0.0,513901.0
0619766,Downey,CA,Metro City,1020836,False,False,True,False,False,0.008047250894257285,0.000598034463324737,0.8616507290183885,49.0,140.0,False,,0.0,1020836.0
0621712,El Cajon,CA,Metro City,1279875,False,False,True,False,False,0.006118983698505609,0.001081795484870085,0.6995337706320431,-79.0,119.0,False,,0.0,1279875.0
0621782,El Centro,CA,Principal City,502738,True,False,True,False,False,0.011786577122059105,-0.008077188272534785,1.0,121.0,70.0,False,,0.0,502738.0
0622230,El Monte,CA,Metro City,1491385,False,False,True,False,False,-0.005767061078270297,-0.00489167621681863,-0.08212838324245081,-242.0,103.0,False,,0.0,1491385.0
0622020,Elk Grove,CA,Metro City,1026617,False,False,True,False,False,0.008525484255240245,0.013313300694548724,-0.21923456136943845,924.0,1217.0,False,,0.0,1026617.0
0622678,Encinitas,CA,Metro City,287051,False,True,True,False,False,-0.0012458068806644462,0.009871233136562019,-1.0,21.0,400.0,False,,0.0,287051.0
0622804,Escondido,CA,Metro City,1341561,False,False,True,False,False,0.012413458404625821,0.008340889079761604,0.19622728818276894,-423.0,395.0,False,,0.0,1341561.0
0623182,Fairfield,CA,Principal City,847959,False,False,True,False,False,0.01030856306812633,0.009937166841039291,0.018344422688307306,783.0,286.0,False,,0.0,847959.0
0624680,Fontana,CA,Metro City,1942933,False,False,True,False,False,0.010797788715577461,0.01627312027836969,-0.20225887368674883,1257.0,1358.0,False,,0.0,1942933.0
0625380,Fountain Valley,CA,Principal City,301182,False,False,True,False,False,0.002927708618009728,-0.0030953871353041063,1.0,-23.0,31.0,False,,0.0,301182.0
0626000,Fremont,CA,Metro City,1579819,False,False,True,False,False,0.006012892643988854,0.011829483625242831,-0.32599867268153104,1034.0,131.0,False,,0.0,1579819.0
0627000,Fresno,CA,Principal City,7098936,False,False,True,False,False,0.01122739405296258,0.005372058833022164,0.3527426632768237,1085.0,1124.0,False,,0.0,7098936.0
06019,Fresno County,CA,Urban County,3172269,False,False,True,False,False,-0.0036226944950156215,0.006772462863643414,-1.0,489.0,2439.0,False,,0.0,3172269.0
0628000,Fullerton,CA,Metro City,1397459,False,False,True,False,False,0.009077261736942788,0.0061682118882271375,0.19081400291250225,637.0,87.0,False,,0.0,1397459.0
0629000,Garden Grove,CA,Metro City,1872282,False,False,True,False,False,0.007624235480725661,0.004072857914016126,0.30361196981687705,559.0,108.0,False,,0.0,1872282.0
0628168,Gardena,CA,Principal City,604162,False,False,True,False,False,0.00351713994042524,-0.0028463898371744456,1.0,-207.0,25.0,False,,0.0,604162.0
0629504,Gilroy,CA,Metro City,380083,False,False,True,False,False,0.016836718414591223,0.015534760055850638,0.04021930477872342,322.0,153.0,False,,0.0,380083.0
0630000,Glendale,CA,Principal City,1738811,False,False,True,False,False,-0.003004243357216496,0.010260018181304398,-1.0,-668.0,271.0,False,,0.0,1738811.0
0630014,Glendora City,CA,Metro City,296115,False,False,True,False,False,-0.004684340396256981,0.005649752783551287,-1.0,48.0,61.0,False,,0.0,296115.0
0630378,Goleta,CA,Metro City,320925,False,False,True,False,False,0.019188169340349726,0.013812986099051905,0.16287863772430636,212.0,13.0,False,,0.0,320925.0
0631960,Hanford,CA,Principal City,523508,False,False,True,False,False,0.006945112039690615,0.010290986118208778,-0.19412015688624581,521.0,422.0,False,,0.0,523508.0
0632548,Hawthorne,CA,Metro City,1149498,False,False,True,False,False,0.007319572772060301,-0.0034980092685902298,1.0,278.0,12.0,False,,0.0,1149498.0
0633000,Hayward,CA,Principal City,1542637,False,False,True,False,False,0.008605505412305092,0.006872448030267986,0.11196941433291974,61.0,174.0,False,,0.0,1542637.0
0633182,Hemet,CA,Metro City,894066,False,False,True,False,False,0.016975073452844658,-0.01522181360496333,1.0,437.0,410.0,False,,0.0,894066.0
0633434,Hesperia,CA,Metro City,946179,False,False,True,False,False,0.015816490491758817,-0.005372856470490905,1.0,-70.0,320.0,False,,0.0,946179.0
0636000,Huntington Beach,CA,Metro City,1077252,False,False,True,False,False,0.0027579556453365406,0.00838411183592358,-0.5049472371307829,812.0,423.0,False,,0.0,1077252.0
0636056,Huntington Park,CA,Metro City,544838,False,False,True,False,False,0.00166080766621568,-0.003456501513846133,1.0,-37.0,1.0,False,,0.0,544838.0
0636448,Indio,CA,Metro City,748597,False,True,True,False,False,-0.009497608295899518,0.0460408838976929,-1.0,364.0,251.0,False,,0.0,748597.0
0636546,Inglewood,CA,Metro City,1244649,False,False,True,False,False,0.01040384167204067,-0.002400424282793523,1.0,1328.0,363.0,False,,0.0,1244649.0
0636770,Irvine,CA,Principal City,2410854,False,False,True,False,False,0.026316329049967724,0.03722416090961733,-0.17166741815474726,-162.0,3730.0,False,,0.0,2410854.0
0637692,Jurupa Valley,CA,Metro City,1026523,False,False,True,False,False,0.023656947406779816,-0.0025929805753082125,1.0,833.0,299.0,False,,0.0,1026523.0
06029,Kern County,CA,Urban County,4446861,False,False,True,False,False,0.006055782765076234,0.006405614895839573,-0.028073265959609,2259.0,3244.0,False,,0.0,4446861.0
0639290,La Habra,CA,Metro City,556264,False,False,True,False,False,0.022126402550592505,-0.005236052459054452,1.0,125.0,70.0,False,,0.0,556264.0
0640004,La Mesa,CA,Metro City,456031,False,False,True,False,False,0.01055832082612218,-0.002964880728094532,1.0,-208.0,184.0,False,,0.0,456031.0
0639248,Laguna Niguel,CA,Metro City,350812,False,False,True,False,False,0.0019210899686172844,0.00952130542923424,-0.6642154196178194,116.0,12.0,False,,0.0,350812.0
0639496,Lake Forest,CA,Metro City,518662,False,False,True,False,False,0.006949390725482951,0.020501599932027048,-0.4936874364800567,82.0,27.0,False,,0.0,518662.0
0639892,Lakewood,CA,Metro City,460105,False,False,True,False,False,0.0012703198080601386,-0.0062416663545672435,1.0,158.0,66.0,False,,0.0,460105.0
0640130,Lancaster,CA,Metro City,1506698,False,False,True,False,False,0.011138330230043625,-0.002787513039090528,1.0,228.0,897.0,False,,0.0,1506698.0
0641474,Lincoln,CA,Metro City,259685,False,False,True,False,False,0.0258123934711203,0.006419284332581432,0.6016785491790817,677.0,601.0,False,,0.0,259685.0
0641992,Livermore,CA,Metro City,396908,False,False,True,False,False,-0.00582733618015252,0.010039040922910525,-1.0,62.0,74.0,False,,0.0,396908.0
0642202,Lodi,CA,Principal City,655037,False,False,True,False,False,0.003445801416596117,0.006916439238104255,-0.334931211999389,290.0,262.0,False,,0.0,655037.0
0642524,Lompoc,CA,Metro City,480984,False,False,True,False,False,0.018236183258613536,-0.007465995518151525,1.0,370.0,45.0,False,,0.0,480984.0
0643000,Long Beach,CA,Principal City,4923908,False,False,True,False,False,0.006297652186530334,0.0014459592575526425,0.6265413707818399,8.0,477.0,False,,0.0,4923908.0
0644000,Los Angeles,CA,Principal City,48007436,False,False,True,False,False,0.008069588589044274,0.009048042751962138,-0.057160604959046644,17298.0,10488.0,False,,0.0,48007436.0
06037,Los Angeles County,CA,Urban County,19508115,False,False,True,False,False,0.0034748055605062778,0.002005421808261909,0.26812459654838156,3001.0,19809.0,False,,0.0,19508115.0
0644574,Lynwood,CA,Metro City,946233,False,False,True,False,False,-0.0006761590181495469,-0.0041024185275014835,0.7170040616940841,68.0,101.0,False,,0.0,946233.0
0645022,Madera,CA,Principal City,989791,False,False,True,False,False,-0.006839403408658629,0.0167149175999195,-1.0,19.0,138.0,False,,0.0,989791.0
06041,Marin County,CA,Urban County,1512738,False,False,True,False,False,-0.0017178938858076753,0.0025215271006784334,-1.0,256.0,158.0,False,,0.0,1512738.0
0646842,Menifee,CA,Metro City,630907,False,False,True,False,False,0.04372996193015721,0.01128867215179885,0.5896418607927204,1309.0,983.0,True,,0.0,630907.0
0646898,Merced,CA,Principal City,1089413,False,False,True,False,False,0.020604590688079405,-0.003505421624432792,1.0,550.0,309.0,False,,0.0,1089413.0
0647766,Milpitas,CA,Principal City,555374,False,False,True,False,False,0.011130255643367448,0.036206972271351834,-0.5297462004568904,277.0,77.0,False,,0.0,555374.0
0648256,Mission Viejo,CA,Metro City,389068,False,False,True,False,False,-0.004840670965156724,0.003771627798771604,-1.0,-75.0,37.0,False,,0.0,389068.0
0648354,Modesto,CA,Principal City,1898921,False,False,True,False,False,0.001407869997920752,-0.0006660339511486146,1.0,227.0,173.0,False,,0.0,1898921.0
0648816,Montebello,CA,Metro City,628319,False,False,True,False,False,0.004645625745531845,-0.013178108102892883,1.0,39.0,108.0,False,,0.0,628319.0
0648872,Monterey,CA,Metro City,248442,False,False,True,False,False,0.009100072777012524,-0.009591858067269032,1.0,376.0,13.0,False,,0.0,248442.0
06053,Monterey County,CA,Urban County,1361629,False,False,True,False,False,0.008288381682438617,0.0028778567029799085,0.4845432089757338,468.0,677.0,False,,0.0,1361629.0
0648914,Monterey Park,CA,Principal City,563008,False,False,True,False,False,0.007540910848098603,0.00867418441294987,-0.06989003435419776,53.0,158.0,False,,0.0,563008.0
0649270,Moreno Valley,CA,Metro City,1954015,False,False,True,False,False,0.012066261051201455,0.0012407032152095265,0.8135257312832394,727.0,544.0,False,,0.0,1954015.0
0649670,Mountain View,CA,Principal City,617916,False,True,True,False,False,0.016834971866042103,0.012749675141858985,0.13808840521545077,688.0,214.0,False,,0.0,617916.0
0650258,Napa City,CA,Principal City,591772,False,False,True,False,False,0.011087174376427367,0.0019045111939186565,0.7068107623747037,47.0,116.0,False,,0.0,591772.0
0650398,National,CA,Metro City,700241,False,False,True,False,False,0.019211279488462463,0.008244469066461368,0.3994358558486412,631.0,4.0,False,,0.0,700241.0
0651182,Newport Beach,CA,Principal City,402015,False,True,True,False,False,0.0026726180831402324,0.002385432769398843,0.05677786208836277,-58.0,166.0,False,,0.0,402015.0
0652526,Norwalk,CA,Metro City,940871,False,False,True,False,False,-0.002201669376629689,-0.002036691244709954,-0.03892498696054552,358.0,1.0,False,,0.0,940871.0
0653000,Oakland,CA,Principal City,7412561,False,False,True,False,False,0.020400352833222613,0.0024928570925144555,0.7822186490578651,3866.0,402.0,False,,0.0,7412561.0
0653322,Oceanside,CA,Metro City,1236259,False,False,True,False,False,0.0015746456358054495,0.005863574222408463,-0.576606858678265,253.0,317.0,False,,0.0,1236259.0
0653896,Ontario,CA,Principal City,1839944,False,False,True,False,False,0.011228725729901079,0.015153090741638175,-0.1487526462012465,1015.0,639.0,False,,0.0,1839944.0
0653980,Orange,CA,Principal City,1010888,False,False,True,False,False,0.010041681738450103,0.0005067698953078459,0.9039157759066662,405.0,232.0,False,,0.0,1010888.0
06059,Orange County,CA,Urban County,3467220,False,False,True,False,False,0.006725107326521984,0.00681243477765503,-0.006450761184048383,1323.0,6972.0,False,,0.0,3467220.0
0654652,Oxnard,CA,Principal City,2074781,False,False,True,False,False,0.004426254258019124,0.005010893554623808,-0.061950846612939856,819.0,579.0,False,,0.0,2074781.0
0655254,Palm Springs,CA,Metro City,350999,False,True,True,False,False,-0.00851417563950696,0.011527939780098029,-1.0,-146.0,114.0,False,,0.0,350999.0
0655156,Palmdale,CA,Metro City,1407911,False,False,True,False,False,0.00848547522919918,0.002738554237007751,0.5120194141947093,-38.0,100.0,False,,0.0,1407911.0
0655282,Palo Alto,CA,Principal City,516233,False,True,True,False,False,0.008351319736585427,0.00047840420610878454,0.8916377886299333,137.0,220.0,False,,0.0,516233.0
0655520,Paradise,CA,Metro City,47069,False,True,True,False,False,-0.19390424798807415,-0.028481178777588156,-0.7438575072853125,218.0,461.0,False,,0.0,47069.0
0655618,Paramount,CA,Metro City,701752,False,False,True,False,False,-0.0003786394411029459,0.006110014030789923,-1.0,188.0,54.0,False,,0.0,701752.0
0656000,Pasadena,CA,Principal City,2147455,False,False,True,False,False,0.005242603931816747,0.011763035313577586,-0.3834275964384449,350.0,149.0,False,,0.0,2147455.0
0656700,Perris,CA,Metro City,940237,False,False,True,False,False,0.02254827942205062,0.005796242915700356,0.5910149519097336,12.0,379.0,False,,0.0,940237.0
0656784,Petaluma,CA,Metro City,306305,False,False,True,False,False,0.015129239934104088,0.0073644497090077365,0.3451986022877372,265.0,9.0,False,,0.0,306305.0
0656924,Pico Rivera,CA,Metro City,611687,False,False,True,False,False,-0.00028790239125908723,0.00358311204447892,-1.0,71.0,106.0,False,,0.0,611687.0
0657456,Pittsburg,CA,Metro City,652097,False,False,True,False,False,0.01890050938805099,0.012764936745835342,0.1937623937548049,210.0,74.0,False,,0.0,652097.0
0657792,Pleasanton,CA,Principal City,381455,False,False,True,False,False,-0.008772106448037609,0.03032203339886652,-1.0,312.0,130.0,False,,0.0,381455.0
0658072,Pomona,CA,Metro City,1690554,False,False,True,False,False,0.016702407053821755,-0.002632944993629205,1.0,606.0,284.0,False,,0.0,1690554.0
0658240,Porterville,CA,Principal City,653932,True,False,True,False,False,0.0190590270235671,0.011629591155433161,0.24209092194375126,146.0,151.0,False,,0.0,653932.0
0659444,Rancho Cordova,CA,Principal City,677844,False,False,True,False,False,0.020351410158944372,0.006140805810895378,0.5364067831934919,619.0,1312.0,False,,0.0,677844.0
0659451,Rancho Cucamonga,CA,Metro City,1045705,False,False,True,False,False,0.005374769314120398,0.005039099915078893,0.03223291858710176,985.0,329.0,False,,0.0,1045705.0
0659587,Rancho Santa Margarita,CA,Metro City,213967,False,False,True,False,False,-0.0004907613727376248,0.001109664799122445,-1.0,74.0,0.0,False,,0.0,213967.0
0659920,Redding,CA,Principal City,677110,False,False,True,False,False,0.005014293837783068,0.005751451904590477,-0.06847255029495855,470.0,123.0,False,,0.0,677110.0
0660018,Redondo Beach,CA,Metro City,295609,False,False,True,False,False,0.00480962703043053,-0.000658170857014917,1.0,-84.0,111.0,False,,0.0,295609.0
0660102,Redwood,CA,Principal City,654563,False,True,True,False,False,0.0012995901440173707,0.0169050690483894,-0.8572244467438935,-199.0,91.0,False,,0.0,654563.0
0660466,Rialto,CA,Metro City,1131371,False,False,True,False,False,0.005635081286095911,0.0053271201517106626,0.028093000856848727,63.0,39.0,False,,0.0,1131371.0
0662000,Riverside,CA,Principal City,2849347,False,False,True,False,False,0.008035178891736106,-0.00463527955012033,1.0,2805.0,1019.0,False,,0.0,2849347.0
06065,Riverside County,CA,Urban County,7689351,False,False,True,False,False,0.002546162999893742,0.01023938185766271,-0.6017122417135128,1809.0,9598.0,False,,0.0,7689351.0
0662364,Rocklin,CA,Metro City,296156,False,False,True,False,False,0.031228818419243964,0.00841720452049266,0.5753821495141083,559.0,252.0,False,,0.0,296156.0
0662896,Rosemead,CA,Metro City,533439,False,False,True,False,False,0.001953521439800765,-0.000899704164147086,1.0,227.0,218.0,False,,0.0,533439.0
0662938,Roseville,CA,Principal City,701373,False,False,True,False,False,0.031432720132486214,0.015803900565743767,0.3308623550060193,1135.0,1905.0,False,,0.0,701373.0
0664000,Sacramento,CA,Principal City,4638977,False,False,True,False,False,0.015607693039943138,0.0035762814326036896,0.6271594879651746,1864.0,2043.0,False,,0.0,4638977.0
06067,Sacramento County,CA,Urban County,6030715,False,False,True,False,False,0.006794609037754418,0.0032457070559852585,0.35346516470551814,2012.0,6747.0,False,,0.0,6030715.0
0664224,Salinas,CA,Principal City,2179417,False,False,True,False,False,0.01325394845256489,-0.0006454931620284432,1.0,43.0,140.0,False,,0.0,2179417.0
0665000,San Bernardino,CA,Principal City,2712293,False,False,True,False,False,0.011391266770028441,-0.0001166544789236168,1.0,961.0,47.0,False,,0.0,2712293.0
06071,San Bernardino Co.,CA,Urban County,6686990,False,False,True,False,False,0.0033380906265163546,0.002005551268432937,0.24936913518529535,1220.0,6226.0,False,,0.0,6686990.0
0665042,San Buenaventura,CA,Principal City,704658,False,False,True,False,False,0.0018731904136330968,0.0006203054300737421,0.502461227966922,-449.0,69.0,False,,0.0,704658.0
0665084,San Clemente,CA,Metro City,310995,False,False,True,False,False,-0.006003148595880914,0.006672672574171479,-1.0,408.0,43.0,False,,0.0,310995.0
0666000,San Diego,CA,Principal City,11028872,False,False,True,False,False,0.00800965550907673,0.010626831193129016,-0.1404328898398284,9015.0,6615.0,False,,0.0,11028872.0
06073,San Diego County,CA,Urban County,4232730,False,False,True,False,False,-0.0010791987132127145,0.00018418978503498273,-1.0,-243.0,11572.0,False,,0.0,4232730.0
0667000,San Francisco,CA,Principal City,18798493,False,False,True,False,False,0.008302171871292785,0.008928836258686346,-0.03636841110319409,3060.0,770.0,False,,0.0,18798493.0
06077,San Joaquin County,CA,Urban County,2941788,False,False,True,False,False,0.013516817535274894,0.006411050266582841,0.3565743881555473,3325.0,3779.0,False,,0.0,2941788.0
0668000,San Jose,CA,Principal City,7836902,False,False,True,False,False,0.003844375365701147,0.009932716708227263,-0.44191773633041287,2008.0,1998.0,False,,0.0,7836902.0
0668084,San Leandro,CA,Principal City,765834,False,False,True,False,False,-0.005479275955614038,0.002459895882028107,-1.0,-331.0,65.0,False,,0.0,765834.0
06079,San Luis Obispo County,CA,Urban County,1893580,False,False,True,False,False,0.006014451113584007,0.006839445472202943,-0.06418243317214516,538.0,1104.0,False,,0.0,1893580.0
0668196,San Marcos,CA,Metro City,703648,False,False,True,False,False,0.007802935509966247,0.01012274850559014,-0.12941280196675886,302.0,316.0,False,,0.0,703648.0
0668252,San Mateo,CA,Metro City,766315,False,False,True,False,False,0.007359375166500204,0.005253796948482714,0.166934867678236,210.0,101.0,False,,0.0,766315.0
06081,San Mateo County,CA,Urban County,2315528,False,True,True,False,False,0.0044773480580555525,0.0025244886507220787,0.2789067338410411,786.0,1088.0,False,,0.0,2315528.0
0669000,Santa Ana,CA,Principal City,4190178,False,False,True,False,False,0.011566241850444303,0.004814148322041856,0.4122059033577732,1349.0,440.0,False,,0.0,4190178.0
0669070,Santa Barbara,CA,Principal City,847812,False,False,True,False,False,-0.0036730826811088857,0.01122154640519768,-1.0,189.0,54.0,False,,0.0,847812.0
06083,Santa Barbara Co.,CA,Urban County,1177513,False,False,True,False,False,0.004004851587648739,0.001379203685728081,0.4876710525064652,230.0,750.0,False,,0.0,1177513.0
0669084,Santa Clara,CA,Principal City,1019135,False,False,True,False,False,0.023310386179408837,0.009828025084124725,0.40684995391195716,1135.0,97.0,False,,0.0,1019135.0
06085,Santa Clara County,CA,Urban County,1380034,False,False,True,False,False,0.00703758236943286,0.007292485087446288,-0.01778796357940812,-865.0,3834.0,False,,0.0,1380034.0
0669088,Santa Clarita,CA,Metro City,1453594,False,False,True,False,False,0.01881100443552497,0.02985172074129605,-0.2268824087770157,273.0,269.0,False,,0.0,1453594.0
0669112,Santa Cruz,CA,Principal City,527892,False,False,True,False,False,-0.005557500609873478,0.010622179898232886,-1.0,110.0,54.0,False,,0.0,527892.0
0669196,Santa Maria,CA,Principal City,1404326,False,False,True,False,False,0.009558844542432388,-0.0006181323406388994,1.0,270.0,188.0,False,,0.0,1404326.0
0670000,Santa Monica,CA,Principal City,1114932,False,True,True,False,False,0.00827290349615084,0.0026418884912640106,0.5159067631686974,893.0,418.0,False,,0.0,1114932.0
0670098,Santa Rosa,CA,Principal City,1286368,False,False,True,False,False,0.004452116151412833,0.008977160734822576,-0.3369537035942548,421.0,292.0,False,,0.0,1286368.0
0670224,Santee,CA,Metro City,375277,False,False,True,False,False,0.01745385115275777,0.0009508099052777386,0.8966772707979196,226.0,199.0,False,,0.0,375277.0
0670742,Seaside,CA,Metro City,304867,False,False,True,False,False,-0.011411117747969324,0.010965957973454232,-1.0,-89.0,120.0,False,,0.0,304867.0
0672016,Simi Valley,CA,Metro City,657452,False,False,True,False,False,0.008222863917248358,0.002975331328781028,0.4686052058547542,-81.0,15.0,False,,0.0,657452.0
06097,Sonoma County,CA,Urban County,1652484,False,False,True,False,False,-1.348050190319583e-05,0.001892135471755818,-1.0,1380.0,1012.0,False,,0.0,1652484.0
0673080,South Gate,CA,Metro City,1192638,False,False,True,False,False,0.009038022971344928,0.003250846402756302,0.4709283167078893,303.0,202.0,False,,0.0,1192638.0
0673262,South San Francisco,CA,Principal City,456319,False,True,True,False,False,0.01184935223228023,-0.0031012921972735086,1.0,321.0,57.0,False,,0.0,456319.0
06099,Stanislaus County,CA,Urban County,2302867,False,False,True,False,False,0.003714841802405111,0.0020483126559842635,0.28916961335209324,909.0,902.0,False,,0.0,2302867.0
0675000,Stockton,CA,Principal City,3229216,False,False,True,False,False,0.004563441853546069,0.004372152171460142,0.02140760665162311,207.0,527.0,False,,0.0,3229216.0
0677000,Sunnyvale,CA,Principal City,1038891,False,False,True,False,False,0.013891007497817354,0.008351049320209247,0.24907580368727933,1431.0,209.0,False,,0.0,1038891.0
0678120,Temecula,CA,Principal City,606465,False,False,True,False,False,0.01134596862007875,0.006912376715662694,0.24282550378413112,947.0,380.0,False,,0.0,606465.0
0678582,Thousand Oaks,CA,Principal City,648249,False,False,True,False,False,0.0006417795064912468,0.0027600322309828673,-0.6226837014985575,-11.0,53.0,False,,0.0,648249.0
0680000,Torrance,CA,Principal City,947578,False,False,True,False,False,0.003549392536726481,-0.002054477621589168,1.0,-127.0,91.0,False,,0.0,947578.0
0680644,Tulare,CA,Metro City,714971,True,False,True,False,False,0.024519838637447444,0.004844229084705942,0.6700573550951683,472.0,392.0,False,,0.0,714971.0
0680812,Turlock,CA,Metro City,636784,False,False,True,False,False,0.0017106780042770442,0.007523475043903272,-0.6294889211059479,108.0,144.0,False,,0.0,636784.0
0680854,Tustin,CA,Principal City,725229,False,False,True,False,False,0.009402104692870727,0.0033145299814067997,0.47870956958270744,736.0,41.0,False,,0.0,725229.0
0681204,Union,CA,Metro City,474879,False,False,True,False,False,-0.008907215304410632,0.013317803421340146,-1.0,-22.0,41.0,False,,0.0,474879.0
0681344,Upland,CA,Metro City,612647,False,False,True,False,False,0.003993657328251077,-0.008473712631836716,1.0,100.0,66.0,False,,0.0,612647.0
0681554,Vacaville,CA,Metro City,527680,False,False,True,False,False,0.00949719240781377,0.007388271751228581,0.12489562837725364,-343.0,449.0,False,,0.0,527680.0
0681666,Vallejo,CA,Principal City,991521,False,False,True,False,False,0.011157430134616009,-0.007471614720359621,1.0,689.0,62.0,False,,0.0,991521.0
06111,Ventura County,CA,Urban County,1454583,False,False,True,False,False,0.004706012956999572,0.006343283513950748,-0.1481787153829857,703.0,1648.0,False,,0.0,1454583.0
0682590,Victorville,CA,Principal City,1409225,False,False,True,False,False,0.02809390273483059,-0.0012091384669258298,1.0,1071.0,461.0,False,,0.0,1409225.0
0682954,Visalia,CA,Principal City,1139838,False,False,True,False,False,0.01612087382392091,0.005481947045077096,0.4924785907988356,555.0,575.0,False,,0.0,1139838.0
0682996,Vista,CA,Metro City,976361,False,False,True,False,False,0.013391367488069683,-0.004433997562803715,1.0,947.0,220.0,False,,0.0,976361.0
0683346,Walnut Creek,CA,Principal City,401430,False,False,True,False,False,0.007323262903250249,0.0034002161990982493,0.36583711934430235,771.0,24.0,False,,0.0,401430.0
0683668,Watsonville,CA,Principal City,634804,False,False,True,False,False,0.007698400060073274,0.005580509573949399,0.15949280057584722,-2.0,74.0,False,,0.0,634804.0
0684200,West Covina,CA,Metro City,819862,False,False,True,False,False,0.016578035474590802,-0.005958914018896699,1.0,477.0,102.0,False,,0.0,819862.0
0684816,West Sacramento,CA,Metro City,546333,False,True,True,False,False,0.013473273955862952,0.007776496299633617,0.2680865528301784,544.0,407.0,False,,0.0,546333.0
0684550,Westminster,CA,Metro City,970291,False,False,True,False,False,0.005501516370919779,0.0013751815023355096,0.6000459733198874,165.0,28.0,False,,0.0,970291.0
0685292,Whittier,CA,Metro City,641146,False,False,True,False,False,0.009002495497732133,-0.0020832203595833043,1.0,549.0,85.0,False,,0.0,641146.0
0686328,Woodland,CA,Metro City,473643,False,False,True,False,False,0.008334254400119034,0.0037077591613943195,0.38419614918149037,289.0,136.0,False,,0.0,473643.0
0686972,Yuba,CA,Principal City,585041,False,False,True,False,False,0.005774190451849348,0.007101081443739332,-0.10305731814056703,125.0,92.0,False,,0.0,585041.0
08001,Adams County,CO,Urban County,1233556,False,False,False,False,True,0.019567209501836436,0.0084402494737299,0.39728559587692974,1426.3264250000066,2371.0,False,bonus,166991.61056219108,1400547.610562191
08005,Arapahoe County,CO,Urban County,1283130,False,False,True,False,False,0.00505262317408306,0.010331057300114077,-0.34311906925553165,1470.933176999999,3856.0,False,,0.0,1283130.0
0803455,Arvada,CO,Metro City,451371,False,False,True,False,False,0.012455520027825129,0.01663125406012278,-0.14356126326253088,514.0,364.0,False,,0.0,451371.0
0804000,Aurora,CO,Principal City,2702077,False,False,True,False,False,0.023665843510181528,0.007119218515119874,0.53748876586516,2135.0,2374.0,False,,0.0,2702077.0
0807850,Boulder City,CO,Principal City,869873,False,False,False,False,True,0.01007300772286257,0.005018756787896983,0.33490125898546846,700.0,406.0,False,bonus,81954.68116180574,951827.6811618058
0809280,Broomfield /County,CO,Principal City,284341,False,False,False,False,True,0.03192643069954437,0.034940628153148134,-0.04507746423009288,941.0,405.0,False,penalty,-28434.100000000002,255906.9
0812415,Castle Rock,CO,Metro City,277742,False,False,True,False,False,0.058048387058532214,0.035210662232671996,0.2448848127815321,1335.0,423.0,True,,0.0,277742.0
0816000,Colorado Springs,CO,Principal City,2854333,False,False,True,False,False,0.019949839775271094,0.01038945759583143,0.315115477543844,4275.0,,False,,0.0,2854333.0
0816495,Commerce,CO,Metro City,469128,False,False,False,False,True,0.0661703194974177,0.014811326067643682,0.634205356922659,1004.0,626.0,True,bonus,117546.42840921851,586674.4284092186
0820000,Denver,CO,Principal City,6585718,False,False,False,False,True,0.022502892233044802,0.020536417253362638,0.045690207467273876,6988.0,3994.0,False,penalty,-658571.8,5927146.2
08041,El Paso County,CO,Urban County,1087577,False,False,True,False,False,0.021861091631629748,0.01179781640879618,0.29897806579901826,6729.0,3849.0,False,,0.0,1087577.0
0827425,Fort Collins,CO,Principal City,1152451,False,False,False,False,True,0.019883667741815048,0.025695728732685996,-0.12751509323126844,1226.0,685.0,False,penalty,-115245.1,1037205.9
0831660,Grand Junction,CO,Principal City,407684,False,False,False,False,True,0.023900732813450842,0.014760086199894662,0.23643178925932426,741.0,,False,penalty,-40768.4,366915.6
0832155,Greeley,CO,Principal City,846546,False,False,False,False,True,0.015862784863154733,0.014340331607020973,0.05040715773940474,650.0,228.0,False,penalty,-84654.6,761891.4
08059,Jefferson County,CO,Urban County,1009071,False,False,True,False,False,0.005533569811815964,0.0032008564907697323,0.2670711550174356,1170.2085770000122,1172.0,False,,0.0,1009071.0
0843000,Lakewood,CO,Principal City,911186,False,False,True,False,False,0.013690112570192259,0.010734052690645424,0.12103012929930733,547.0,185.0,False,,0.0,911186.0
0845970,Longmont,CO,Metro City,488849,False,False,False,False,True,0.0243745658810941,0.018965138174788843,0.1248145972416021,1093.0,948.0,False,penalty,-48884.9,439964.1
0846465,Loveland,CO,Metro City,377934,False,False,False,False,True,0.012026003993856893,0.014848984461995896,-0.10504117881859848,-187.0,386.0,False,penalty,-37793.4,340140.6
0862000,Pueblo,CO,Principal City,1432469,True,False,False,False,False,0.004319358471081003,0.0028299646276224166,0.20832655384237683,404.0,,False,,0.0,1432469.0
0877290,Thornton,CO,Metro City,811771,False,False,False,False,True,0.019752036447630905,0.015156215755914637,0.13165427661398305,1162.0,247.0,False,penalty,-81177.1,730593.9
08123,Weld County,CO,Urban County,1251662,False,False,False,False,True,0.03500120669657214,0.022030749186090715,0.22742438532472486,4578.319409999996,3468.0,False,penalty,-125166.20000000001,1126495.8
0883835,Westminster,CO,Metro City,563889,False,False,True,False,False,0.019057169868254897,0.006586528971988637,0.4863042954121602,305.0,140.0,False,,0.0,563889.0
0908000,Bridgeport,CT,Principal City,3100412,False,False,True,False,False,0.00437472691145091,0.002904631841256,0.20195392480803873,168.0,485.0,False,,0.0,3100412.0
0908420,Bristol,CT,Metro City,539149,False,False,False,False,True,-0.0013371051649996302,-0.004350092488975998,0.5297841761961875,-375.0,37.0,False,bonus,0.0,539149.0
0918430,Danbury,CT,Principal City,590036,False,False,True,False,False,0.011598093768449225,0.005886098354523472,0.3266948437623658,150.0,18.0,False,,0.0,590036.0
0922700,East Hartford,CT,Principal City,515368,False,False,False,False,True,0.005208615197356048,-0.007047228107978087,1.0,-91.0,,False,bonus,0.0,515368.0
0912026620,Fairfield,CT,Metro City,441600,False,True,True,False,False,,,,102.0,,False,,0.0,441600.0
0933690,Greenwich,CT,Metro City,723939,False,True,True,False,False,0.019217662519867007,-6.525072647001195e-05,1.0,57.0,,False,,0.0,723939.0
0917035650,Hamden Town,CT,Metro City,458833,False,False,True,False,False,,,,1.0,,False,,0.0,458833.0
0937000,Hartford,CT,Principal City,3476365,False,False,False,False,True,0.006069821499607331,0.00410089271579106,0.19358805508813984,-191.0,6.0,False,penalty,-347636.5,3128728.5
0944690,Manchester,CT,Metro City,566960,False,False,False,False,True,0.050141751156138614,-0.001123052673608238,1.0,313.0,,True,bonus,36645.450290921704,603605.4502909217
0946450,Meriden,CT,Metro City,927552,False,False,True,False,False,-0.016055830783721414,0.00864989875621669,-1.0,-219.0,25.0,False,,0.0,927552.0
0947290,Middletown,CT,Principal City,502177,False,False,False,False,True,0.0037660746111325416,0.0006698624773218143,0.6979837793167536,-521.0,20.0,False,bonus,0.0,502177.0
0947515,Milford Town,CT,Principal City,518282,False,False,True,False,False,-0.0031010600846658187,0.012942639981536663,-1.0,173.0,,False,,0.0,518282.0
0950370,New Britain,CT,Metro City,1554807,False,True,False,False,False,0.0016611387278713252,0.0049597439956208245,-0.49821230876744294,-434.0,246.0,False,,0.0,1554807.0
0952000,New Haven,CT,Principal City,3446062,False,False,True,False,False,0.016173859995963547,-0.0053301685720898995,1.0,707.0,521.0,False,,0.0,3446062.0
0952280,New London,CT,Principal City,791387,False,False,True,False,False,0.008520024370678447,0.010583474068235343,-0.10801423122341051,223.0,12.0,False,,0.0,791387.0
0955990,Norwalk,CT,Principal City,831261,False,False,True,False,False,0.006585147046255013,-0.0013119649554155233,1.0,91.0,339.0,False,,0.0,831261.0
0956200,Norwich,CT,Principal City,838095,False,False,True,False,False,-0.0017225282387219876,0.010552830608312469,-1.0,2.0,15.0,False,,0.0,838095.0
0968100,Shelton,CT,Principal City,181656,False,False,True,False,False,-0.0032874667605350405,0.012145798290637666,-1.0,349.0,8.0,False,,0.0,181656.0
0973000,Stamford,CT,Principal City,989095,False,False,True,False,False,0.01882764753413224,0.01162783415154256,0.23640451518375502,697.0,86.0,False,,0.0,989095.0
0912074190,Stratford,CT,Principal City,586729,False,False,True,False,False,,,,-217.0,,False,,0.0,586729.0
0980000,Waterbury,CT,Metro City,2176880,False,False,True,False,False,0.008735848809238167,-0.0006385408094292666,1.0,-621.0,15.0,False,,0.0,2176880.0
0982660,West Hartford,CT,Metro City,995108,False,False,False,False,True,0.004520729219006148,0.002838245388945504,0.22863019913707217,-387.0,,False,penalty,-99510.8,895597.2
0982800,West Haven,CT,Metro City,615097,False,False,True,False,False,-0.0038152223557388343,0.0013628792894839759,-1.0,89.0,29.0,False,,0.0,615097.0
1021200,Dover,DE,Principal City,321933,True,False,False,False,False,0.009352095476766742,0.01530235438458849,-0.2413462454560188,-211.0,218.0,False,,0.0,321933.0
10003,New Castle County,DE,Urban County,2509120,False,False,False,False,True,0.011761164274886493,0.005612683455114675,0.35389286905943224,1279.970639999985,1586.0,False,bonus,149856.55099667312,2658976.5509966733
1077580,Wilmington,DE,Principal City,2261378,True,False,False,False,False,0.008253658968923938,-0.00320219510351738,1.0,-258.0,304.0,False,,0.0,2261378.0
1207300,Boca Raton,FL,Principal City,516588,False,False,True,False,False,-0.01472690649285835,0.02923214943594843,-1.0,317.0,75.0,False,,0.0,516588.0
1207875,Boynton Beach,FL,Metro City,518962,False,True,True,False,False,0.02019804500636213,0.0032531984429089444,0.7225564222258704,-10.0,36.0,False,,0.0,518962.0
1207950,Bradenton,FL,Principal City,447763,True,True,True,False,False,0.01525987002576401,0.0140035051904297,0.042933011863890085,906.0,212.0,False,,0.0,447763.0
12009,Brevard County,FL,Urban County,1350422,False,True,True,False,False,0.009400338840355849,0.014723460551250955,-0.22065851338272763,1903.0,4603.0,False,,0.0,1350422.0
12011,Broward County,FL,Urban County,3978959,False,False,True,False,False,0.0011311552896224875,0.004985632198003076,-0.6301472654033357,-1207.0,1655.0,False,,0.0,3978959.0
1210275,Cape Coral,FL,Principal City,1110919,False,True,True,False,False,0.037016598766819175,0.017867814843464114,0.34889293086602813,4765.0,3397.0,False,,0.0,1110919.0
12019,Clay County,FL,Urban County,1060250,True,False,True,False,False,0.019968888217461345,0.01126505168416947,0.2786659819639796,1871.0,1880.0,False,,0.0,1060250.0
1212875,Clearwater,FL,Principal City,925886,False,True,True,False,False,0.008153426467875757,-0.0063976483059818845,1.0,32.0,159.0,False,,0.0,925886.0
1213150,Cocoa,FL,Metro City,105087,True,True,True,False,False,0.03359707802421563,0.0019252769529405356,0.8916019529573054,122.0,4.0,False,,0.0,105087.0
12021,Collier County,FL,Urban County,2677254,False,True,True,False,False,0.024342366193184084,0.01569306211101673,0.2160412526736926,4673.0,3524.0,False,,0.0,2677254.0
1214400,Coral Springs,FL,Metro City,794085,False,False,True,False,False,0.012676687897565708,0.0027332884032544857,0.6452572865918026,493.0,14.0,False,,0.0,794085.0
1215475,Crestview,FL,Metro City,164652,True,True,True,False,False,0.03826842109803752,0.0026737786782999873,0.8693876395061071,451.0,310.0,False,,0.0,164652.0
1216475,Davie,FL,Metro City,714145,False,True,True,False,False,0.01314832482313566,0.008861766216093248,0.19475424247007503,896.0,135.0,False,,0.0,714145.0
1216525,Daytona Beach,FL,Principal City,619516,True,True,True,False,False,0.029874636773409513,0.004535055580811909,0.7364082460181867,1796.0,1506.0,False,,0.0,619516.0
1216725,Deerfield Beach,FL,Principal City,721028,False,False,True,False,False,0.022877828875684125,-0.0011738246241359551,1.0,269.0,13.0,False,,0.0,721028.0
1217100,Delray Beach,FL,Principal City,457791,False,True,True,False,False,0.007391177873460775,0.009214234961668843,-0.10978691745328344,430.0,191.0,False,,0.0,457791.0
1217200,Deltona,FL,Principal City,528176,False,False,True,False,False,0.010190789089432606,0.0018129111039146828,0.6979412889836356,578.0,158.0,False,,0.0,528176.0
12033,Escambia County,FL,Urban County,1806149,True,False,True,False,False,0.007908307783101476,0.007232041580355508,0.044666485991282055,1120.0,1462.0,False,,0.0,1806149.0
1224300,Fort Pierce,FL,Metro City,574680,True,False,True,False,False,0.01168833547070447,-0.0012096846853087984,1.0,163.0,399.0,False,,0.0,574680.0
1224475,Fort Walton Beach,FL,Principal City,132070,True,True,True,False,False,-0.014034202561772346,0.025586760863524072,-1.0,13.0,16.0,False,,0.0,132070.0
1224000,Ft Lauderdale,FL,Principal City,1518117,False,True,True,False,False,0.011871570950514165,0.002636938956426249,0.6364976178339554,457.0,255.0,False,,0.0,1518117.0
1224125,Ft Myers,FL,Principal City,738136,False,True,True,False,False,0.039295091880602095,0.024003606230021957,0.24157662174751138,1916.0,1721.0,False,,0.0,738136.0
1225175,Gainesville,FL,Principal City,1442129,True,True,True,False,False,0.018580187130847525,0.011358794109462611,0.2412036990644812,367.0,1218.0,False,,0.0,1442129.0
12053,Hernando County,FL,Urban County,1137403,True,True,True,False,False,0.012649726263258998,0.005403065084273573,0.4014149966883591,1544.0,2505.0,False,,0.0,1137403.0
1230000,Hialeah,FL,Metro City,2427498,False,False,True,False,False,0.0044879542670281936,0.013519692617680823,-0.5015501696849589,-570.0,305.0,False,,0.0,2427498.0
12057,Hillsborough County,FL,Urban County,7456094,False,False,True,False,False,0.01816008888625653,0.012989423143791257,0.1659950800345601,7123.0,9053.0,False,,0.0,7456094.0
1232000,Hollywood,FL,Metro City,1249460,False,True,True,False,False,0.00978916317087486,-0.003815828436587232,1.0,290.0,27.0,False,,0.0,1249460.0
1232275,Homestead,FL,Metro City,878963,False,False,True,False,False,0.05851075526765315,-0.019041045560660996,1.0,733.0,813.0,True,,0.0,878963.0
12031,Jacksonville,FL,Urban County,6940619,True,True,True,False,False,0.0220129470319117,0.008193548173665466,0.4574975932889657,8802.0,6495.0,False,,0.0,6940619.0
1235875,Jupiter,FL,Principal City,312843,False,False,True,False,False,-0.012737092202645517,0.01574448915976978,-1.0,-3.0,40.0,False,,0.0,312843.0
1236950,Kissimmee,FL,Principal City,1000854,False,True,True,False,False,0.013264987636719683,0.02128471411825683,-0.2321214388017689,384.0,869.0,False,,0.0,1000854.0
12069,Lake County,FL,Urban County,1848798,True,True,True,False,False,0.03664336911519528,0.014740949598052833,0.42624715215880593,4109.0,4990.0,False,,0.0,1848798.0
1238250,Lakeland,FL,Principal City,825858,True,True,True,False,False,0.0204395714140575,0.004879757032957954,0.6145429336193029,970.0,380.0,False,,0.0,825858.0
1239425,Largo,FL,Principal City,587919,False,True,True,False,False,-0.00036280607969296774,0.005330399800214103,-1.0,328.0,53.0,False,,0.0,587919.0
1239550,Lauderhill,FL,Metro City,780917,False,True,True,False,False,0.020578667024401254,-0.005958913138420563,1.0,559.0,0.0,False,,0.0,780917.0
12071,Lee County,FL,Urban County,3044711,False,True,True,False,False,0.01568827052867916,0.007310752183853353,0.36425540552472135,4270.0,15411.0,False,,0.0,3044711.0
12081,Manatee County,FL,Urban County,1833537,False,True,True,False,False,0.03289308669013802,0.019433746162050625,0.2572168005296051,5927.0,7472.0,False,,0.0,1833537.0
12083,Marion County,FL,Urban County,2173037,True,True,True,False,False,0.021916993555177955,0.006385638241438674,0.5487601091427808,4853.0,6729.0,False,,0.0,2173037.0
1243975,Melbourne,FL,Principal City,603059,True,False,True,False,False,0.016717711639759658,-0.011697787000880977,1.0,508.0,59.0,False,,0.0,603059.0
1245000,Miami,FL,Principal City,5026283,False,False,True,False,False,0.014729374706651255,0.019762719272220286,-0.14592748612630635,4017.0,6023.0,False,,0.0,5026283.0
1245025,Miami Beach,FL,Principal City,858270,False,True,True,False,False,-0.016634177926285743,0.0011321356285092232,-1.0,18.0,71.0,False,,0.0,858270.0
1245060,Miami Gardens,FL,Metro City,970105,False,False,True,False,False,0.024400944700479377,-0.013760330510324659,1.0,723.0,15.0,False,,0.0,970105.0
12086,Miami-Dade County,FL,Urban County,13151137,False,False,True,False,False,0.017409136654441992,0.0023366329412513043,0.7633282481164024,5426.0,10608.0,False,,0.0,13151137.0
1245975,Miramar,FL,Metro City,824752,False,False,True,False,False,0.00624287974565485,0.016689739130577808,-0.4555458511435025,122.0,449.0,False,,0.0,824752.0
1249450,North Miami,FL,Metro City,765353,False,False,True,False,False,0.0028387363971011936,0.002776241951364833,0.011129953110760225,227.0,9.0,False,,0.0,765353.0
1250750,Ocala,FL,Principal City,510378,True,True,True,False,False,0.024791600181124807,0.0009324894985660581,0.9275006804767706,1236.0,771.0,False,,0.0,510378.0
12095,Orange County,FL,Urban County,7439307,False,True,True,False,False,0.017083108673670244,0.014789561755164105,0.07195967227243154,7756.0,8052.0,False,,0.0,7439307.0
1253000,Orlando,FL,Principal City,2522385,False,True,True,False,False,0.02249544603869702,0.017084416555833037,0.13671167932785566,2139.0,1970.0,False,,0.0,2522385.0
12097,Osceola County,FL,Urban County,1634093,False,True,True,False,False,0.031210740754090693,0.02907690022055731,0.03539432790927578,6831.0,8813.0,False,,0.0,1634093.0
1254000,Palm Bay,FL,Principal City,814260,True,False,True,False,False,0.029383178471702465,-0.004636668828489343,1.0,1321.0,3062.0,False,,0.0,814260.0
12099,Palm Beach County,FL,Urban County,6609628,False,True,True,False,False,0.009799895931273062,0.0028611603436294875,0.548037654756967,2751.0,4089.0,False,,0.0,6609628.0
1254075,Palm Beach Gardens,FL,Metro City,260237,False,True,True,False,False,0.007930462899099266,0.013188371616854377,-0.24896775026970205,445.0,677.0,False,,0.0,260237.0
1254200,Palm Coast,FL,Metro City,462211,False,False,True,False,False,0.03769690861042685,0.012535510664955396,0.5008995845398686,1782.0,2095.0,False,,0.0,462211.0
1254700,Panama,FL,Principal City,360009,True,True,True,False,False,-0.007275330238083688,-0.0009667501610861606,-0.7654111306209698,461.0,288.0,False,,0.0,360009.0
1254725,Panama  Beach,FL,Principal City,105177,False,True,True,False,False,0.04771312847981868,-1.190717169285982e-05,1.0,126.0,418.0,True,,0.0,105177.0
12101,Pasco County,FL,Urban County,3160581,False,False,True,False,False,0.02303682312452926,0.010410952937160323,0.37748011001037396,6586.0,6765.0,False,,0.0,3160581.0
1255775,Pembroke Pines,FL,Metro City,1125411,False,False,True,False,False,0.010527505938233483,0.002230981716920377,0.6502748950783113,435.0,0.0,False,,0.0,1125411.0
1255925,Pensacola,FL,Principal City,753536,True,False,True,False,False,0.024168535051117823,-0.004385616923770264,1.0,461.0,93.0,False,,0.0,753536.0
12103,Pinellas County,FL,Urban County,2339516,False,True,True,False,False,0.0015177400883172876,-0.0018850081927954676,1.0,690.0,2627.0,False,,0.0,2339516.0
1256975,Pinellas Park,FL,Metro City,361300,False,True,True,False,False,0.012557861430465334,0.0024337089197625783,0.6753230164809814,435.0,17.0,False,,0.0,361300.0
1257425,Plantation,FL,Metro City,630799,False,True,True,False,False,0.012028066834362638,0.0011394038661396433,0.826936563284522,588.0,14.0,False,,0.0,630799.0
12105,Polk County,FL,Urban County,4234555,True,False,True,False,False,0.030625080757770595,0.01051409240561263,0.4888525170957536,10087.0,10384.0,False,,0.0,4234555.0
1258050,Pompano Beach,FL,Principal City,1024414,False,True,True,False,False,0.023047613271605982,-0.00530234967525689,1.0,1024.0,314.0,False,,0.0,1024414.0
1258575,Port Orange,FL,Metro City,354806,True,False,True,False,False,0.013512806068006089,0.007135729094942089,0.3088391947777029,222.0,90.0,False,,0.0,354806.0
1258715,Port St Lucie,FL,Principal City,1086454,False,True,True,False,False,0.044346957766149275,0.010806289351400933,0.6081358789857257,4513.0,3798.0,True,,0.0,1086454.0
1263650,Sanford,FL,Principal City,437753,False,False,True,False,False,0.01820878114157165,-0.004559012295473175,1.0,1019.0,642.0,False,,0.0,437753.0
1264175,Sarasota City,FL,Principal City,371559,False,False,True,False,False,0.0030029820897361503,0.019655079375458406,-0.7349303607151845,201.0,1102.0,False,,0.0,371559.0
12115,Sarasota County,FL,Urban County,1767490,False,False,True,False,False,0.023382627135976053,0.008633926531135927,0.4606585942443354,5974.1912500000035,7466.0,False,,0.0,1767490.0
1264825,Sebastian,FL,Principal City,116320,True,False,True,False,False,0.022848894659427188,0.02074827483020658,0.048182481886125145,85.0,169.0,False,,0.0,116320.0
12117,Seminole County,FL,Urban County,2292412,False,True,True,False,False,0.008408531243585537,0.009271478212328654,-0.048809191584139676,1379.0,2280.0,False,,0.0,2292412.0
1263000,St Petersburg,FL,Principal City,1744727,False,True,True,False,False,0.007575090460343992,0.0128918835122116,-0.25977426164693224,469.0,1613.0,False,,0.0,1744727.0
1262625,St. Cloud,FL,Metro City,345240,False,False,True,False,False,0.03794498135919744,0.04038437897170777,-0.031142825655731222,1399.0,1861.0,False,,0.0,345240.0
12109,St. Johns County,FL,Urban County,1138383,False,False,True,False,False,0.0459877612006665,0.0294152240292056,0.21978622094255526,6064.714286000002,5575.0,True,,0.0,1138383.0
1269700,Sunrise,FL,Metro City,675995,False,True,True,False,False,0.009201957551264517,0.006751060164872147,0.1536322111592253,-1033.0,0.0,False,,0.0,675995.0
1270600,Tallahassee,FL,Principal City,1880342,True,False,True,False,False,0.019946257044411775,0.007538623623097207,0.45143486600551797,2129.0,1460.0,False,,0.0,1880342.0
1270675,Tamarac,FL,Metro City,496342,False,True,True,False,False,0.017567041323097943,-0.0030962307137913925,1.0,-2.0,14.0,False,,0.0,496342.0
1271000,Tampa,FL,Principal City,3057626,False,False,True,False,False,0.013232537091171004,0.012958162546804708,0.01047602958908594,5349.0,2546.0,False,,0.0,3057626.0
1271900,Titusville,FL,Principal City,280901,True,True,True,False,False,-0.005009644677148817,0.0036857884523835427,-1.0,-210.0,128.0,False,,0.0,280901.0
12127,Volusia County,FL,Urban County,1718768,True,True,True,False,False,0.01303208866157779,0.0037254879017374343,0.555366745583837,2270.7489760000026,3403.0,False,,0.0,1718768.0
1275812,Wellington,FL,Metro City,289551,False,True,True,False,False,-0.001293086742757965,0.006003784114917199,-1.0,212.0,47.0,False,,0.0,289551.0
1276600,West Palm Beach,FL,Principal City,970113,False,True,True,False,False,0.03643868872182576,-0.007820179454901433,1.0,1678.0,230.0,False,,0.0,970113.0
1301052,Albany,GA,Principal City,734345,True,True,True,False,False,-0.005191377410346587,0.001974513430049507,-1.0,-118.0,45.0,False,,0.0,734345.0
13059,Athens-Clarke County,GA,Principal City,1221913,True,False,True,False,False,0.01813245866740587,0.006348726536932858,0.48133830254201154,1005.0,1172.0,False,,0.0,1221913.0
1304000,Atlanta,GA,Principal City,6602130,False,True,True,False,False,0.015412955910636628,0.016704226367680652,-0.04020497333341032,6777.0,8109.0,False,,0.0,6602130.0
13245,Augusta-Richmond County,GA,Principal City,1686245,True,True,True,False,False,0.010005177412677035,0.004387928593764467,0.3902735668311357,493.0,558.0,False,,0.0,1686245.0
1310944,Brookhaven,GA,Metro City,349486,False,True,True,False,False,0.021755101126912813,0.012252528046298838,0.2794247441423909,-250.0,117.0,False,,0.0,349486.0
1311560,Brunswick,GA,Principal City,384717,True,False,True,False,False,-0.014409045958824418,0.0183608813392091,-1.0,34.0,,False,,0.0,384717.0
13057,Cherokee County,GA,Urban County,1127016,False,False,True,False,False,0.029091459294517286,0.019682773947744536,0.19290278332085242,2484.622881000003,2665.0,False,,0.0,1127016.0
13063,Clayton County,GA,Urban County,2461457,True,True,True,False,False,0.01818718673506825,0.0018282562863825014,0.8173154314472939,646.0851760000078,930.0,False,,0.0,2461457.0
13067,Cobb County,GA,Urban County,3420467,False,False,True,False,False,0.009199056052405785,0.007468658306613696,0.10381733862961906,2548.0,1604.0,False,,0.0,3420467.0
13215,Columbus-Muscogee County,GA,Principal City,1690979,True,False,True,False,False,0.016685344148961168,0.0036055932157366133,0.6446104829036008,743.0,291.0,False,,0.0,1690979.0
1321380,Dalton,GA,Principal City,312286,True,False,True,False,False,0.0081728154512688,-0.00770755232435516,1.0,471.0,,False,,0.0,312286.0
13089,De Kalb County,GA,Urban County,4639475,False,True,True,False,False,0.010732254128513752,0.0026228268070840333,0.6072166361653527,2020.581675000023,1238.0,False,,0.0,4639475.0
13121,Fulton County,GA,Urban County,1254161,False,True,True,False,False,0.011425925767315714,-0.07274197675500527,1.0,-78.5816750000231,11577.0,False,,0.0,1254161.0
1331908,Gainesville,GA,Principal City,406937,False,False,True,False,False,0.030183450813277224,0.03573642394925591,-0.08423822338835557,434.0,779.0,False,,0.0,406937.0
13135,Gwinnett County,GA,Urban County,5816102,False,False,True,False,False,0.019572103089349424,0.009771732360279284,0.3339839724051529,4767.775131999981,5603.0,False,,0.0,5816102.0
13151,Henry County,GA,Urban County,1175509,True,False,True,False,False,0.023427989328724808,0.011369011180036859,0.3465522307203339,2143.0,1887.0,False,,0.0,1175509.0
1338964,Hinesville,GA,Principal City,254726,True,False,True,False,False,-0.008550707206577801,0.007204754388155932,-1.0,318.0,148.0,False,,0.0,254726.0
1342425,Johns Creek,GA,Metro City,307314,False,False,True,False,False,0.0029562951426980177,0.013534667563252167,-0.6414648198032317,92.0,129.0,False,,0.0,307314.0
1349008,Macon-Bibb County,GA,Principal City,1834622,True,True,True,False,False,0.005170830711246133,0.0008864248168489741,0.7073180047506636,93.0,154.0,False,,0.0,1834622.0
1349756,Marietta,GA,Principal City,417640,False,False,True,False,False,-0.0007078993684559443,0.009554266907963793,-1.0,-85.0,98.0,False,,0.0,417640.0
1366668,Rome,GA,Principal City,418859,True,False,True,False,False,0.007759189134653788,-0.0013871065498481938,1.0,195.0,,False,,0.0,418859.0
1367284,Roswell,GA,Principal City,400668,False,True,True,False,False,0.0037273147139007534,-0.0005596187234817585,1.0,-113.0,167.0,False,,0.0,400668.0
1368516,Sandy Springs,GA,Principal City,485216,False,False,True,False,False,0.013198241570847813,0.018738179220115336,-0.17346770590006522,-562.0,348.0,False,,0.0,485216.0
1369000,Savannah,GA,Principal City,2212947,True,False,True,False,False,0.01932174016327548,0.0006469042981576134,0.9352079907670221,21.0,579.0,False,,0.0,2212947.0
1372122,South Fulton,GA,Metro City,534631,True,True,True,False,False,0.03133074633508204,,,1153.0,783.0,False,,0.0,534631.0
1378800,Valdosta,GA,Principal City,600391,True,True,True,False,False,0.006823097899206099,0.005498889368497517,0.10746712376333817,627.0,545.0,False,,0.0,600391.0
1380508,Warner Robins,GA,Principal City,495380,True,True,True,False,False,0.013986127336889309,0.016094564821152124,-0.070092718385111,723.0,755.0,False,,0.0,495380.0
15001,Hawaii Co,HI,Hawaii County,2743195,False,True,True,False,False,0.006542984090315729,0.009174131455966572,-0.1674065039416988,949.0,982.0,False,,0.0,2743195.0
15003,Honolulu,HI,Principal City,7882630,False,False,False,False,True,0.013187203774234213,0.006242958769975271,0.357395106111886,1975.0,1638.0,False,bonus,231229.2789922376,8113859.2789922375
15007,Kauai,HI,Hawaii County,738234,False,False,True,False,False,-0.0035392796806988924,0.00593342081315007,-1.0,79.0,141.0,False,,0.0,738234.0
15009,Maui Co,HI,Hawaii County,1889272,False,True,True,False,False,-0.0024446476613086965,0.006266241918596593,-1.0,-24.0,1118.0,False,,0.0,1889272.0
1608830,Boise,ID,Principal City,1367844,False,False,False,False,True,0.018857679225201096,0.009879044637414625,0.31244461375316995,1446.0,741.0,False,bonus,169294.95565710156,1537138.9556571015
1612250,Caldwell,ID,Metro City,464994,False,False,False,False,True,0.04991317167238596,0.006214183399099182,0.7785684577089139,955.0,1434.0,True,bonus,111809.60072789212,576803.6007278921
1616750,Coeur D'Alene,ID,Principal City,290998,False,False,False,False,True,0.027689091629814033,0.01879139217468584,0.19142871861128927,574.0,401.0,False,penalty,-29099.800000000003,261898.2
1639700,Idaho Falls,ID,Principal City,412342,False,False,False,False,True,0.01508801182029984,0.010970703249890246,0.15800121223627012,642.0,1729.0,False,penalty,-41234.200000000004,371107.8
1646540,Lewiston,ID,Principal City,251391,False,False,False,False,True,0.008931203199195048,0.004758577209103221,0.3047986063795827,110.0,95.0,False,bonus,12878.592753998044,264269.59275399806
1652120,Meridian,ID,Metro City,523218,False,False,False,False,True,0.055088738542844906,0.05221502458212002,0.026781110718159893,2824.0,1551.0,True,bonus,330628.5994299134,853846.5994299133
1656260,Nampa,ID,Metro City,653242,False,False,False,False,True,0.03579240839289399,0.0223175531834936,0.23188546066559038,2169.0,1450.0,False,penalty,-65324.200000000004,587917.8
1664090,Pocatello,ID,Principal City,380283,True,False,False,False,False,0.009005632603371172,0.006837351875281561,0.13686062313645583,296.0,127.0,False,,0.0,380283.0
1682810,Twin Falls,ID,Principal City,332639,True,False,False,False,False,0.024095482241670574,0.01680520243296213,0.17824346625742427,570.0,401.0,False,,0.0,332639.0
1702154,Arlington Heights,IL,Principal City,332747,False,False,True,False,False,0.0022143004326502513,0.00661796289275518,-0.49858822114577134,-29.0,321.0,False,,0.0,332747.0
1703012,Aurora,IL,Metro City,1192246,False,False,True,False,False,-0.010774621818855024,0.0015912380754923294,-1.0,271.0,488.0,False,,0.0,1192246.0
1705573,Berwyn,IL,Metro City,1410085,True,False,True,False,False,0.0246072542833069,-0.009978224586628892,1.0,40.0,6.0,False,,0.0,1410085.0
1706613,Bloomington,IL,Principal City,543236,True,False,False,False,False,0.013511904083519433,0.007419901114197325,0.2910404961148131,149.0,88.0,False,,0.0,543236.0
1712385,Champaign,IL,Principal City,766743,True,True,False,False,False,0.010874024621178036,0.015191185872359014,-0.16562924946458546,-185.0,378.0,False,,0.0,766743.0
1714000,Chicago,IL,Principal City,74498058,False,False,True,False,False,0.010103612951010366,0.003907552311855911,0.4422230787310635,8855.0,4371.0,False,,0.0,74498058.0
1714351,Cicero,IL,Metro City,1751533,True,False,True,False,False,0.012368299686331907,-0.0015832961755009034,1.0,-535.0,0.0,False,,0.0,1751533.0
17031,Cook County,IL,Urban County,10516157,True,False,True,False,False,0.0018179146603336527,-0.0018339789447991972,1.0,-1980.9916300002951,6507.0,False,,0.0,10516157.0
1718563,Danville,IL,Principal City,946586,True,True,True,False,False,-0.009190454630535583,-0.003897329679727779,-0.4044324711751986,223.0,0.0,False,,0.0,946586.0
1718823,Decatur,IL,Principal City,1313759,True,True,True,False,False,-0.0027371115756321673,0.0034588540603694984,-1.0,-103.0,3.0,False,,0.0,1313759.0
1719161,Dekalb,IL,Metro City,400667,True,False,False,False,False,0.0027591103585478116,0.0036176473074684967,-0.13463534195381002,392.0,81.0,False,,0.0,400667.0
1719642,Des Plaines,IL,Principal City,316052,False,False,True,False,False,0.004512151494873162,-0.0014938180248013078,1.0,-117.0,3.0,False,,0.0,316052.0
17043,Dupage County,IL,Urban County,3703858,False,False,False,False,True,0.004049884099986079,0.0013656259978678253,0.4956611757001413,578.0412779999897,1450.0,False,bonus,67675.98376693124,3771533.983766931
1723074,Elgin,IL,Principal City,763920,False,False,True,False,False,0.006275917561803013,0.010334477132582842,-0.24433853893619886,412.0,398.0,False,,0.0,763920.0
1724582,Evanston,IL,Principal City,1699600,False,False,True,False,False,0.016061880330267675,-0.001813242833543116,1.0,181.0,65.0,False,,0.0,1699600.0
1735411,Hoffman Estates,IL,Principal City,229562,False,False,True,False,False,0.008182610615589114,0.0019289054440541076,0.6184735438926519,-191.0,6.0,False,,0.0,229562.0
1738570,Joliet,IL,Metro City,926791,True,False,True,False,False,0.010261270682188295,0.0005994808810265706,0.8896060042369444,178.0,353.0,False,,0.0,926791.0
17089,Kane County,IL,Urban County,1260181,False,False,False,False,True,0.0057104056143959525,0.005167778643649257,0.049882127189138536,484.6117919999815,2132.0,False,penalty,-126018.1,1134162.9
1738934,Kankakee,IL,Principal City,589549,True,False,False,False,False,-0.0018003537462968344,0.0035169369081993196,-1.0,-260.0,40.0,False,,0.0,589549.0
17097,Lake County,IL,Urban County,2890601,False,False,False,False,True,0.004510644562826016,0.0029444491331671596,0.21008393636965636,98.29350400000112,1042.0,False,penalty,-289060.10000000003,2601540.9
17119,Madison County,IL,Urban County,2773468,True,False,False,False,False,-0.00038117638405532617,0.0029517429849013066,-1.0,226.20052199999918,366.0,False,,0.0,2773468.0
17111,Mchenry County,IL,Urban County,1308967,True,False,False,False,False,0.004930338998167416,0.003281079878077353,0.2008494688854917,742.6739749999979,1565.0,False,,0.0,1308967.0
1749867,Moline,IL,Principal City,817172,True,False,False,False,False,-0.007373855051336142,0.005020694988823626,-1.0,-81.0,71.0,False,,0.0,817172.0
1751089,Mount Prospect,IL,Metro City,292098,False,False,True,False,False,0.0041349725627857215,0.004008604152063944,0.015517556369469353,-542.0,3.0,False,,0.0,292098.0
1751622,Naperville,IL,Principal City,566641,False,False,True,False,False,0.009007062890258544,0.007935807799741124,0.06322748429814293,560.0,369.0,False,,0.0,566641.0
1753234,Normal,IL,Metro City,451114,True,False,False,False,False,0.006339841206928876,0.006731103613613509,-0.02993375093051599,336.0,103.0,False,,0.0,451114.0
1754885,Oak Park,IL,Metro City,1574409,False,False,True,False,False,0.014076587859355172,-0.005754521946735647,1.0,199.0,0.0,False,,0.0,1574409.0
1757225,Palatine Village,IL,Metro City,462638,False,False,True,False,False,0.0004220449574094953,0.002589605456398303,-0.7197251344482043,299.0,5.0,False,,0.0,462638.0
1758447,Pekin,IL,Metro City,438443,True,True,False,False,False,-0.0071500341500290165,0.0011588597056089167,-1.0,-197.0,7.0,False,,0.0,438443.0
1759000,Peoria,IL,Principal City,1828722,True,True,False,False,False,0.00048580256332320104,0.005065019555387851,-0.8249619415165087,-516.0,36.0,False,,0.0,1828722.0
1762783,Rantoul,IL,Metro City,314842,True,True,False,False,False,0.00956384384262221,-0.0063531534928780165,1.0,260.0,0.0,False,,0.0,314842.0
1765078,Rock Island,IL,Principal City,1037034,True,True,False,False,False,-0.010704164402841831,0.0024480945275440202,-1.0,-729.0,0.0,False,,0.0,1037034.0
1765000,Rockford,IL,Principal City,2254724,True,False,True,False,False,0.0028541719025445556,-0.0010318670241965533,1.0,-604.0,135.0,False,,0.0,2254724.0
1768003,Schaumburg Village,IL,Principal City,403348,False,False,True,False,False,0.010769419199906594,-0.004980550877762835,1.0,-286.0,113.0,False,,0.0,403348.0
1770122,Skokie,IL,Principal City,532514,False,False,True,False,False,0.007811224757057422,-0.0025995464378543165,1.0,145.0,299.0,False,,0.0,532514.0
1772000,Springfield,IL,Principal City,1288399,True,True,True,False,False,0.0026929773286730185,0.0016353288152908263,0.2443562165437776,204.0,87.0,False,,0.0,1288399.0
17163,St. Clair County,IL,Urban County,3438146,True,False,True,False,False,-0.00787851518094218,0.004736330710003678,-1.0,295.9534319999948,740.0,False,,0.0,3438146.0
1777005,Urbana,IL,Principal City,392195,True,True,False,False,False,0.0005626292918998743,0.013111162134259446,-0.9177069074165475,225.0,55.0,False,,0.0,392195.0
1779293,Waukegan,IL,Metro City,735595,True,False,False,False,False,0.008563824637479955,-0.0006394348117902959,1.0,387.0,2.0,False,,0.0,735595.0
17197,Will County,IL,Urban County,2089349,True,False,True,False,False,0.008983249402020332,0.004231528445490351,0.3595763024820792,1462.2356830000062,2002.0,False,,0.0,2089349.0
1801468,Anderson,IN,Principal City,916076,True,False,False,False,False,-0.00501057389916304,0.002574588903518471,-1.0,18.0,56.0,False,,0.0,916076.0
1805860,Bloomington,IN,Principal City,778293,True,False,True,False,False,0.024898524884272355,0.003974763926801739,0.7246753597894776,870.0,,False,,0.0,778293.0
1814734,Columbus,IN,Principal City,302484,True,False,False,False,False,0.025076375242365057,0.006033394043407636,0.6121222251450856,226.0,,False,,0.0,302484.0
1819486,East Chicago,IN,Metro City,1219342,True,False,True,False,False,-0.020625005279782727,0.007115824929070147,-1.0,-64.0,3.0,False,,0.0,1219342.0
1820728,Elkhart,IN,Principal City,712246,True,True,False,False,False,0.01639740988826932,0.0036521123723596283,0.635690833438835,-40.0,182.0,False,,0.0,712246.0
1822000,Evansville,IN,Principal City,2485311,True,False,False,False,False,0.00041958813937181816,0.0009918363005216868,-0.40544016737661565,395.0,191.0,False,,0.0,2485311.0
1825000,Fort Wayne,IN,Principal City,1880267,True,False,True,False,False,0.0021903394803592935,0.006616740868223392,-0.50259577665559,965.0,,False,,0.0,1880267.0
1827000,Gary,IN,Principal City,3210180,True,True,True,False,False,-0.02707085569130474,0.006909347802184662,-1.0,-147.0,8.0,False,,0.0,3210180.0
1828386,Goshen,IN,Principal City,274772,True,True,False,False,False,0.005252280757004568,0.005905742295680749,-0.05856427573152552,-25.0,23.0,False,,0.0,274772.0
1829898,Greenwood,IN,Metro City,292739,True,False,True,False,False,0.02455983899451608,0.015799045653935195,0.21707223618522548,470.0,358.0,False,,0.0,292739.0
18057,Hamilton County,IN,Urban County,1146153,False,False,False,False,True,0.027490473523059222,0.025865615567005174,0.030453093241360127,4371.0,4561.0,False,penalty,-114615.3,1031537.7
1831000,Hammond,IN,Metro City,2043773,True,False,True,False,False,0.004801178528126782,-0.005279977267262037,1.0,329.0,18.0,False,,0.0,2043773.0
18097,Indianapolis,IN,Principal City,8860390,True,False,False,False,False,0.008222775364728374,0.002186966462685014,0.579823112053408,2006.0,1906.0,False,,0.0,8860390.0
1838358,Jeffersonville,IN,Metro City,270412,True,True,False,False,False,0.023127713222159674,0.009178415657199679,0.4317848671083682,874.0,404.0,False,,0.0,270412.0
1840392,Kokomo,IN,Principal City,725033,True,True,True,False,False,0.0014756183960911162,0.008910465227565334,-0.7158470026699784,-58.0,173.0,False,,0.0,725033.0
1842246,La Porte,IN,Principal City,438197,True,False,False,False,False,-0.0025428202108426223,0.004977630535871969,-1.0,201.0,88.0,False,,0.0,438197.0
1840788,Lafayette,IN,Principal City,640832,True,False,False,False,False,0.00075878869517787,0.01001413393996553,-0.8591303918395271,168.0,661.0,False,,0.0,640832.0
18089,Lake County,IN,Urban County,1629279,True,False,True,False,False,0.01669900107806499,0.003678102421645457,0.638996541221109,988.0,1649.0,False,,0.0,1629279.0
1848798,Michigan,IN,Principal City,658791,True,False,False,False,False,0.008740807351956814,-0.0024511758413868767,1.0,251.0,27.0,False,,0.0,658791.0
1849932,Mishawaka,IN,Principal City,468014,True,False,False,False,False,0.002334029424330586,0.011072501677534152,-0.651807107059045,309.0,314.0,False,,0.0,468014.0
1851876,Muncie,IN,Principal City,1242123,True,True,False,False,False,-0.011234210568375258,0.0028738424863061773,-1.0,93.0,103.0,False,,0.0,1242123.0
1852326,New Albany,IN,Metro City,691524,True,True,False,False,False,0.009658784019281441,-0.0018851890763158519,1.0,-166.0,43.0,False,,0.0,691524.0
1871000,South Bend,IN,Principal City,2366486,True,True,False,False,False,0.004764364909577434,-0.0023497520558470875,1.0,217.0,,False,,0.0,2366486.0
1875428,Terre Haute,IN,Principal City,1423909,True,False,False,False,False,-0.0012617049737441155,0.00612473953601711,-1.0,-241.0,98.0,False,,0.0,1423909.0
1882862,West Lafayette,IN,Principal City,436964,False,True,False,False,False,0.015078682186834724,0.03710805983020493,-0.4221259421823521,515.0,131.0,False,,0.0,436964.0
1901855,Ames,IA,Principal City,552927,True,True,True,False,False,0.007460575307091766,0.019916948368398968,-0.4549853817662318,335.0,97.0,False,,0.0,552927.0
1911755,Cedar Falls,IA,Principal City,278127,True,True,False,False,False,0.005185633452413185,0.014616648890523276,-0.4762590127129545,192.0,91.0,False,,0.0,278127.0
1912000,Cedar Rapids,IA,Principal City,1106823,True,True,False,False,False,0.015694987564674134,0.0060759432835404414,0.44182972001505144,754.0,608.0,False,,0.0,1106823.0
1916860,Council Bluffs,IA,Principal City,983484,True,False,True,False,False,0.005626772918831957,-0.0008988077489644475,1.0,40.0,632.0,False,,0.0,983484.0
1919000,Davenport,IA,Principal City,1574080,True,False,True,False,False,0.007268035656648131,0.002956345782006764,0.4217066724780376,-321.0,311.0,False,,0.0,1574080.0
1921000,Des Moines,IA,Principal City,3760013,True,False,True,False,False,0.00938090919695167,0.009578735946218497,-0.010434095563127691,147.0,618.0,False,,0.0,3760013.0
1922395,Dubuque,IA,Principal City,1037080,True,False,True,False,False,0.013890571145717123,0.0025993522738749775,0.6847344638621401,203.0,358.0,False,,0.0,1037080.0
1938595,Iowa,IA,Principal City,741332,True,True,False,False,False,0.0036361773669482123,0.020795477145242547,-0.7023388354535012,8.0,133.0,False,,0.0,741332.0
19153,Polk County,IA,Urban County,846324,True,False,True,False,False,0.02480342190023843,0.016461648443891974,0.20215095689357043,3046.5966059999773,2949.0,False,,0.0,846324.0
1973335,Sioux,IA,Principal City,1580662,True,False,True,False,False,0.00717452963659726,0.0019478462400126517,0.5729519883066873,100.0,140.0,False,,0.0,1580662.0
1982425,Waterloo,IA,Principal City,1196041,True,False,False,False,False,0.0037438913273302177,0.0017974034727503696,0.3512695001449012,-27.0,109.0,False,,0.0,1196041.0
1983910,West Des Moines,IA,Principal City,328144,True,False,True,False,False,0.01890592619438669,0.02856038843159303,-0.2033960781088778,401.0,255.0,False,,0.0,328144.0
20091,Johnson County,KS,Urban County,1393280,False,False,True,False,False,0.014175369730315523,0.010249997372030473,0.1607088377356682,1712.0,2714.0,False,,0.0,1393280.0
2036000,Kansas,KS,Principal City,2132228,True,False,True,False,False,0.0023445256105201207,0.0033436911108972733,-0.17565531506826623,51.0,318.0,False,,0.0,2132228.0
2038900,Lawrence,KS,Principal City,752390,True,False,False,False,False,0.012995656267308142,0.018269880222372414,-0.16869129870216917,64.0,176.0,False,,0.0,752390.0
2039000,Leavenworth,KS,Metro City,369060,True,True,False,False,False,0.012744389259324862,0.00027258515161632246,0.9581185084934628,31.0,24.0,False,,0.0,369060.0
2044250,Manhattan,KS,Principal City,546884,True,False,True,False,False,0.005202544905885675,0.010661577351777085,-0.344111849191944,69.0,105.0,False,,0.0,546884.0
2053775,Overland Park,KS,Principal City,690372,False,False,True,False,False,0.014606435002362472,0.01192512895139064,0.10106098742032654,1781.0,588.0,False,,0.0,690372.0
2064500,Shawnee,KS,Metro City,278072,False,False,True,False,False,0.014693299380668545,0.008211545105597517,0.2829861725958254,842.0,112.0,False,,0.0,278072.0
2071000,Topeka,KS,Principal City,1791961,True,True,True,False,False,-0.0019462249620056937,0.002920171873901589,-1.0,-103.0,106.0,False,,0.0,1791961.0
2079000,Wichita,KS,Principal City,2968869,True,True,False,False,False,0.005053878132702527,0.004829091247978701,0.022744873131270608,872.0,1300.0,False,,0.0,2968869.0
2102368,Ashland,KY,Principal City,505838,True,False,True,False,False,0.008358889118911916,-0.005053686236307309,1.0,-136.0,9.0,False,,0.0,505838.0
2108902,Bowling Green,KY,Principal City,848543,True,False,True,False,False,0.03548608300439038,0.02140547205372978,0.24749914000902085,755.0,701.0,False,,0.0,848543.0
2117848,Covington,KY,Metro City,1409780,True,False,True,False,False,0.013613681401625888,-0.00789219739092717,1.0,102.0,158.0,False,,0.0,1409780.0
2124274,Elizabethtown,KY,Principal City,208167,True,False,True,False,False,0.013661264014553476,0.009882548134026559,0.16049719801875065,-448.0,660.0,False,,0.0,208167.0
2135866,Henderson,KY,Metro City,231376,True,False,True,False,False,0.0039175413603131926,-0.0018067100271752512,1.0,69.0,78.0,False,,0.0,231376.0
2137918,Hopkinsville,KY,Metro City,242872,True,False,True,False,False,-0.007771226301464984,0.005727892869103135,-1.0,-11.0,174.0,False,,0.0,242872.0
2146027,Lexington-Fayette,KY,Principal City,2249391,True,False,True,False,False,0.010108892154516269,0.006718422902300292,0.20148605055341468,1239.0,1036.0,False,,0.0,2249391.0
21111,Louisville-Jefferson MCG,KY,Principal City,11301161,True,False,True,False,False,0.008233207665815367,0.0035963663664284606,0.39197026763163956,1787.0,2863.0,False,,0.0,11301161.0
2158620,Owensboro,KY,Principal City,542893,True,False,True,False,False,-0.0005709939011729892,0.007026382460133762,-1.0,60.0,226.0,False,,0.0,542893.0
2158836,Paducah,KY,Principal City,583406,True,False,True,False,False,0.007200072401992941,0.0053426223036965315,0.1480901944821996,-77.0,92.0,False,,0.0,583406.0
2200975,Alexandria,LA,Principal City,489682,True,True,True,False,False,-0.005280244449586302,0.009867331290025039,-1.0,295.0,12.0,False,,0.0,489682.0
2205000,Baton Rouge,LA,Principal City,3313007,True,True,True,False,False,0.009469254907751301,0.0010366147503690915,0.8026598874529436,291.0,1375.0,False,,0.0,3313007.0
2208920,Bossier,LA,Principal City,558769,True,True,True,False,False,-0.014966129180182364,0.022856087850644746,-1.0,380.0,291.0,False,,0.0,558769.0
2232755,Hammond,LA,Principal City,230833,True,True,True,False,False,0.045453972171676904,-0.006949426449306406,1.0,1152.0,464.0,True,,0.0,230833.0
22109,Houma-Terrebonne,LA,Principal City,823641,True,False,True,False,False,0.008518646589905421,0.005573682827326953,0.2089763640478989,156.0,300.0,False,,0.0,823641.0
22051,Jefferson Parish,LA,Urban County,2698293,True,False,True,False,False,0.0071147195563667776,0.00035629891802479996,0.9046183812164067,385.0,501.0,False,,0.0,2698293.0
2239475,Kenner,LA,Metro City,504335,True,True,True,False,False,0.0007757738330635977,-0.006580307788642048,1.0,-76.0,26.0,False,,0.0,504335.0
2240735,Lafayette,LA,Principal City,1540451,True,False,True,False,False,0.0066428307323427305,0.01062099334457356,-0.2304334540543707,458.0,,False,,0.0,1540451.0
2241155,Lake Charles,LA,Principal City,734086,True,True,True,False,False,0.01611575077597638,0.020283766718913965,-0.11450745036723853,596.0,972.0,False,,0.0,734086.0
2251410,Monroe,LA,Principal City,733589,True,True,True,False,False,0.00852955401602773,-0.004343839694500251,1.0,257.0,96.0,False,,0.0,733589.0
2255000,New Orleans,LA,Principal City,12568463,True,True,True,False,False,0.0038737751499433593,0.0005200797343740682,0.7632694988492498,794.0,710.0,False,,0.0,12568463.0
2270000,Shreveport,LA,Principal City,1946439,True,True,True,False,False,0.001157250499054241,0.002195687406280067,-0.3097095551855404,-288.0,213.0,False,,0.0,1946439.0
2270805,Slidell,LA,Metro City,207836,True,True,True,False,False,0.02444351477859308,-0.008823055636372423,1.0,66.0,11.0,False,,0.0,207836.0
22103,St. Tammany Parish,LA,Urban County,1335762,True,False,True,False,False,0.02052221097984641,0.011961728594018117,0.26352968568860924,1497.0,1066.0,False,,0.0,1335762.0
2275425,Thibodaux,LA,Principal City,141270,True,True,True,False,False,0.03840767735755879,0.005323740216390815,0.7565256050806769,294.0,55.0,False,,0.0,141270.0
2302060,Auburn,ME,Principal City,485861,True,False,True,False,False,-0.0017152759680757468,0.008173883881407162,-1.0,23.0,82.0,False,,0.0,485861.0
2302795,Bangor,ME,Principal City,833082,True,False,True,False,False,0.006767860307967055,-0.0030537067245612892,1.0,483.0,67.0,False,,0.0,833082.0
2304860,Biddeford,ME,Metro City,424428,False,False,True,False,False,0.0059315682347829135,-0.0002156313297206891,1.0,223.0,63.0,False,,0.0,424428.0
23005,Cumberland County,ME,Urban County,1509068,False,False,True,False,False,0.011917167069063428,0.007283209027808102,0.24134725371397145,1767.0,1385.0,False,,0.0,1509068.0
2338740,Lewiston,ME,Principal City,788103,True,False,True,False,False,0.003688523022823187,-0.0004994591687556005,1.0,253.0,32.0,False,,0.0,788103.0
2360545,Portland,ME,Principal City,1807636,False,False,True,False,False,0.014172169605607632,0.005476968421886275,0.4425232888870068,602.0,127.0,False,,0.0,1807636.0
2401600,Annapolis,MD,Metro City,278182,False,False,False,False,True,0.025163118132225604,-0.004210219508537505,1.0,412.0,104.0,False,bonus,48236.18376951994,326418.18376951996
24003,Anne Arundel County,MD,Urban County,2218569,False,False,False,False,True,0.009105572051061328,0.008787808457463075,0.017758723313734376,1011.0,1304.0,False,penalty,-221856.90000000002,1996712.1
2404000,Baltimore,MD,Principal City,20262880,True,False,False,False,False,0.0004996770888887614,-0.0015793272555741922,1.0,1401.0,1273.0,False,,0.0,20262880.0
24005,Baltimore County,MD,Urban County,4687766,False,False,False,False,True,0.00803992817695165,0.0004581251361799321,0.8921811574253091,525.0,1511.0,False,bonus,61466.0108713543,4749232.0108713545
2408775,Bowie,MD,Metro City,197940,False,False,False,False,True,0.0017856931256168274,0.015990323890888503,-0.7990896246376473,397.0,,False,penalty,-19794.0,178146.0
2421325,Cumberland,MD,Principal City,786221,True,True,False,False,False,0.006417680300266904,-0.007422324074709996,1.0,255.0,19.0,False,,0.0,786221.0
2430325,Frederick,MD,Principal City,444911,False,False,False,False,True,0.03655850975347352,0.012663149761891646,0.4854643306799243,1240.0,1143.0,False,bonus,145176.86377234157,590087.8637723415
24021,Frederick County,MD,Urban County,722727,False,False,False,False,True,0.022436314284214776,0.01206095098835136,0.3007590083992657,2444.0,1562.0,False,bonus,286138.91537064745,1008865.9153706474
2431175,Gaithersburg,MD,Principal City,526482,False,False,False,False,True,0.007942390747382566,0.015893407173983798,-0.33357458612593605,-106.0,0.0,False,penalty,-52648.200000000004,473833.8
2436075,Hagerstown,MD,Principal City,791400,True,False,False,False,False,0.01261909454655763,0.0004442423631432213,0.9319863881313011,-317.0,52.0,False,,0.0,791400.0
24025,Harford County,MD,Urban County,1101617,False,False,False,False,True,0.010256791369635865,0.007136976772348147,0.17936392918549376,1028.0,803.0,False,penalty,-110161.70000000001,991455.3
24027,Howard County,MD,Urban County,1336389,False,False,False,False,True,0.009511542498430892,0.012965373046980533,-0.15366123263539722,797.0,881.0,False,penalty,-133638.9,1202750.1
24031,Montgomery County,MD,Urban County,5194196,False,False,False,False,True,0.008771113661024676,0.004676035497053643,0.30453132599566146,1417.0,3656.0,False,bonus,165899.69029468388,5360095.690294684
24033,Prince Georges County,MD,Urban County,5806716,False,False,False,False,True,0.018898262080370376,0.0015118322795562023,0.8518544546737078,2141.0,1473.0,False,bonus,250664.2462391801,6057380.24623918
2469925,Salisbury,MD,Principal City,338056,True,False,False,False,False,0.003864849531788783,0.008869397081116448,-0.39299910716790426,57.0,103.0,False,,0.0,338056.0
2501640,Arlington,MA,Metro City,1057391,False,False,True,False,False,0.0052787594079952704,0.006570880995974804,-0.10904310543859408,147.0,,False,,0.0,1057391.0
2502690,Attleboro,MA,Metro City,394424,False,False,True,False,False,0.00038745901425274454,0.0138228857946876,-0.9454680348067308,66.0,43.0,False,,0.0,394424.0
2503690,Barnstable,MA,Principal City,291036,False,False,True,False,False,0.0093773149435179,-0.0035978896627577583,1.0,168.0,193.0,False,,0.0,291036.0
2507000,Boston,MA,Principal City,16948744,False,False,True,False,False,0.010774808732055385,0.014726541681248984,-0.15496171320919266,2785.0,1789.0,False,,0.0,16948744.0
2509000,Brockton,MA,Metro City,1343941,False,False,True,False,False,0.021874131164887567,-0.014069636371296101,1.0,310.0,45.0,False,,0.0,1343941.0
2509210,Brookline,MA,Metro City,1368250,False,False,True,False,False,0.02147421325942145,-0.015084322541765283,1.0,178.0,,False,,0.0,1368250.0
2511000,Cambridge,MA,Principal City,2638641,False,False,True,False,False,0.011151306520027049,0.016417996854981798,-0.19103458158935288,228.0,489.0,False,,0.0,2638641.0
2513660,Chicopee,MA,Metro City,1130139,True,False,True,False,False,0.007523946130428616,-0.00014511565522268288,1.0,216.0,11.0,False,,0.0,1130139.0
2521990,Everett,MA,Metro City,1048571,False,False,True,False,False,0.019834914762867584,0.008522559949020181,0.3989196826861716,286.0,206.0,False,,0.0,1048571.0
2523000,Fall River,MA,Metro City,2477723,False,False,True,False,False,0.008688391220583513,-0.005873202322314364,1.0,217.0,63.0,False,,0.0,2477723.0
2523875,Fitchburg,MA,Metro City,921520,False,False,True,False,False,0.013723696022315934,-0.007190659057437321,1.0,-201.0,22.0,False,,0.0,921520.0
2524960,Framingham,MA,Metro City,473889,False,False,True,False,False,-0.010620858435689828,0.013420744057606404,-1.0,-498.0,31.0,False,,0.0,473889.0
2526150,Gloucester,MA,Metro City,684282,False,False,True,False,False,-0.00014791308736761266,0.013153037628000463,-1.0,237.0,79.0,False,,0.0,684282.0
2529405,Haverhill,MA,Metro City,917780,False,False,True,False,False,0.016971868374012766,0.0029430094435676235,0.7044411248187922,296.0,41.0,False,,0.0,917780.0
2530840,Holyoke,MA,Metro City,1180479,True,False,True,False,False,0.0008935198901818264,0.0024440596775692214,-0.4645701341083506,0.0,10.0,False,,0.0,1180479.0
2534550,Lawrence,MA,Metro City,1638713,False,False,True,False,False,0.02842327182629112,-0.0015032578492688575,1.0,-84.0,11.0,False,,0.0,1638713.0
2535075,Leominster,MA,Metro City,468404,False,False,True,False,False,0.01669679808200142,-0.001314965888370101,1.0,298.0,9.0,False,,0.0,468404.0
2537000,Lowell,MA,Metro City,2079283,False,False,True,False,False,0.014253066646846335,-4.786223334996009e-06,1.0,740.0,112.0,False,,0.0,2079283.0
2537490,Lynn,MA,Metro City,2021026,False,False,True,False,False,0.022345202398665887,-0.0058337122601270774,1.0,111.0,265.0,False,,0.0,2021026.0
2537875,Malden,MA,Metro City,1411157,False,False,True,False,False,0.026944018756440036,0.0026181612024451795,0.8228708974719393,-167.0,80.0,False,,0.0,1411157.0
2539835,Medford,MA,Metro City,1466160,False,False,True,False,False,0.011979318991041321,0.006971057323508001,0.2642829664384122,-292.0,11.0,False,,0.0,1466160.0
2545000,New Bedford,MA,Metro City,2574063,False,False,True,False,False,0.008099140517976444,-0.003902888657793646,1.0,-122.0,7.0,False,,0.0,2574063.0
2545560,Newton,MA,Principal City,1855699,False,False,True,False,False,0.008505129726620098,-0.0002578569973532563,1.0,428.0,407.0,False,,0.0,1855699.0
2546330,Northampton,MA,Metro City,631073,False,False,True,False,False,0.03300697810441133,-0.0040772906694517275,1.0,975.0,58.0,False,,0.0,631073.0
2552490,Peabody,MA,Metro City,440876,False,False,True,False,False,0.004772752417768311,-0.0007260757109325278,1.0,-173.0,29.0,False,,0.0,440876.0
2553960,Pittsfield,MA,Principal City,1221406,True,False,True,False,False,-0.006501799534797459,0.0033714578514574267,-1.0,-535.0,15.0,False,,0.0,1221406.0
2554275,Plymouth Town,MA,Metro City,408450,False,False,True,False,False,0.02319219783394777,0.0017367611654892645,0.8606631616243193,115.0,,False,,0.0,408450.0
2555745,Quincy,MA,Metro City,1841720,False,False,True,False,False,0.01908550874079995,0.008609221732173822,0.37827726898622593,-155.0,311.0,False,,0.0,1841720.0
2556585,Revere,MA,Metro City,690800,False,False,True,False,False,0.032626955590417284,-0.007735851471284971,1.0,694.0,92.0,False,,0.0,690800.0
2559105,Salem,MA,Metro City,1042346,False,False,True,False,False,0.018279221283869385,0.0012270602908197592,0.8741881904942906,492.0,35.0,False,,0.0,1042346.0
2562535,Somerville,MA,Metro City,2477825,False,False,True,False,False,0.017417428552795045,0.009437652014928632,0.2971421559411394,173.0,83.0,False,,0.0,2477825.0
2567000,Springfield,MA,Principal City,3671092,True,False,True,False,False,0.0005634985545608373,0.0008110992161196595,-0.18012590071075635,-496.0,163.0,False,,0.0,3671092.0
2569170,Taunton,MA,Metro City,853983,False,False,True,False,False,0.01036720147892245,0.0018326226753277997,0.6995657228896468,90.0,102.0,False,,0.0,853983.0
2572600,Waltham,MA,Principal City,850450,False,False,True,False,False,0.012357859746696453,-0.004404904236510299,1.0,-170.0,32.0,False,,0.0,850450.0
2576030,Westfield,MA,Metro City,398805,True,False,True,False,False,0.00944566691249804,0.0015010387183960194,0.7257551689049259,130.0,43.0,False,,0.0,398805.0
2578972,Weymouth Town,MA,Metro City,681380,False,False,True,False,False,0.017017692991074806,0.008216626658678727,0.34877367230632034,573.0,44.0,False,,0.0,681380.0
2582000,Worcester,MA,Principal City,4088940,False,False,True,False,False,0.018284326553358765,0.00824463294746769,0.3784427959030323,505.0,945.0,False,,0.0,4088940.0
2500182525,Yarmouth,MA,Metro City,136091,False,True,True,False,False,0.006830266585861056,-0.0022146405756043874,1.0,-8.0,,False,,0.0,136091.0
2605920,Battle Creek,MI,Principal City,1205390,True,True,False,False,False,-0.0026566606120349556,-0.002819282027308301,0.02969742854955266,-117.0,8.0,False,,0.0,1205390.0
2606020,Bay,MI,Principal City,1254300,True,False,False,False,False,0.004552119321746373,-0.003973319217907778,1.0,-95.0,0.0,False,,0.0,1254300.0
2607520,Benton Harbor,MI,Principal City,382893,True,False,False,False,False,-0.026971794571014618,0.007490528466532309,-1.0,-85.0,5.0,False,,0.0,382893.0
2616313120,Canton Twp,MI,Metro City,379148,False,False,True,False,False,0.014643820127573148,0.016483655062680125,-0.059106462180494194,736.0,,False,,0.0,379148.0
2616480,Clinton Twp,MI,Metro City,585695,True,False,False,False,False,-0.008212791127733987,0.03499075498541915,-1.0,-101.0,0.0,False,,0.0,585695.0
2621000,Dearborn,MI,Principal City,1865278,True,False,True,False,False,0.030842333386850163,-0.0068367935544447755,1.0,189.0,26.0,False,,0.0,1865278.0
2621020,Dearborn Heights,MI,Metro City,998836,True,False,True,False,False,0.02190878976808719,-0.012597595790454386,1.0,401.0,8.0,False,,0.0,998836.0
2622000,Detroit,MI,Principal City,32283682,True,False,True,False,False,-0.019214061106164193,-0.00018339691959423643,-0.9810906233847034,3328.0,1919.0,False,,0.0,32283682.0
2624120,East Lansing,MI,Principal City,401429,True,True,True,False,False,0.0059362167369714225,7.905971742738771e-05,0.9737136877991457,-55.0,0.0,False,,0.0,401429.0
2627440,Farmington Hills,MI,Principal City,358837,False,True,True,False,False,0.011620669010207196,-0.00441706115663576,1.0,492.0,21.0,False,,0.0,358837.0
2629000,Flint,MI,Principal City,3588954,True,False,False,False,False,-0.0445659055407438,0.0027198545367093097,-1.0,485.0,1.0,False,,0.0,3588954.0
26049,Genesee County,MI,Urban County,1820353,True,False,False,False,False,-0.0088795824605431,0.0008791144447135579,-1.0,174.0,420.0,False,,0.0,1820353.0
2634000,Grand Rapids,MI,Principal City,3754702,True,False,True,False,False,0.007827696497988423,0.0036552637598614712,0.36335863265525326,-251.0,859.0,False,,0.0,3754702.0
2638640,Holland,MI,Metro City,333432,True,False,False,False,False,0.016298352633274726,0.00861415388342035,0.30844743561651744,216.0,225.0,False,,0.0,333432.0
2641420,Jackson,MI,Principal City,1205801,True,False,False,False,False,-0.008537594871245169,0.006088069543627617,-1.0,28.0,152.0,False,,0.0,1205801.0
2642160,Kalamazoo,MI,Principal City,1583632,True,False,False,False,False,0.00011122027449972371,-0.0003087277918727427,1.0,-200.0,7.0,False,,0.0,1583632.0
26081,Kent County,MI,Urban County,1673365,True,False,True,False,False,0.012449778614918472,0.008072791600862272,0.21327674691986356,1790.0,2090.0,False,,0.0,1673365.0
2646000,Lansing,MI,Principal City,1982088,True,False,True,False,False,0.002206041399366754,-0.0006925763970695442,1.0,315.0,212.0,False,,0.0,1982088.0
2647800,Lincoln Park,MI,Metro City,778236,True,False,True,False,False,-0.0014707463818274258,-0.008267878462719147,0.6979560450670789,-440.0,0.0,False,,0.0,778236.0
2649000,Livonia,MI,Principal City,343617,True,False,True,False,False,0.004145346848295928,-0.0015626677463935756,1.0,689.0,23.0,False,,0.0,343617.0
26099,Macomb County,MI,Urban County,1913886,True,False,True,False,False,0.006142713776034592,0.00883268870032028,-0.1796262189635953,1364.0,1317.0,False,,0.0,1913886.0
2653780,Midland,MI,Principal City,203789,True,False,False,False,False,0.006903646669793595,0.003961330088145365,0.2708074436973186,319.0,247.0,False,,0.0,203789.0
2655020,Monroe,MI,Principal City,448407,True,False,True,False,False,0.0002891395247732742,0.0011388533834426617,-0.5950406712670431,-13.0,10.0,False,,0.0,448407.0
2656320,Muskegon,MI,Principal City,919565,True,True,False,False,False,0.0016828237824633163,-0.0025503621742082316,1.0,222.0,44.0,False,,0.0,919565.0
2656360,Muskegon Hts,MI,Metro City,424739,True,False,False,False,False,-0.020606137296838134,-0.0029706169129385396,-0.7480045907500956,-63.0,0.0,False,,0.0,424739.0
2657760,Niles,MI,Principal City,270102,True,False,False,False,False,0.0,0.00229896008800079,-1.0,-40.0,3.0,False,,0.0,270102.0
2659140,Norton Shores,MI,Metro City,111638,True,True,False,False,False,-0.0026805046737318206,-0.0013828761325757055,-0.31934701742495447,-42.0,36.0,False,,0.0,111638.0
26125,Oakland County,MI,Urban County,3735142,False,True,True,False,False,0.007304944985053297,0.005003532061981231,0.18697787827670717,2699.0,2886.0,False,,0.0,3735142.0
2665440,Pontiac,MI,Principal City,1436727,True,False,True,False,False,0.01156828980165514,-0.006806643182061034,1.0,49.0,112.0,False,,0.0,1436727.0
2665820,Port Huron,MI,Metro City,702976,True,False,False,False,False,0.0007299810682208641,-0.0013832318547484235,1.0,258.0,5.0,False,,0.0,702976.0
2665560,Portage,MI,Principal City,209148,True,False,False,False,False,0.006144283729638378,0.008774462665987581,-0.17630026455308256,180.0,80.0,False,,0.0,209148.0
2616367625,Redford,MI,Metro City,848170,True,False,True,False,False,0.0008116059918330532,-0.005515693490695361,1.0,-315.0,,False,,0.0,848170.0
2669800,Roseville,MI,Metro City,560982,True,False,True,False,False,0.009215670096299755,-0.002521190137039997,1.0,56.0,11.0,False,,0.0,560982.0
2670040,Royal Oak,MI,Metro City,1154181,True,True,True,False,False,0.0004889914962891151,0.005526138917065104,-0.8374128364021824,-97.0,138.0,False,,0.0,1154181.0
2670520,Saginaw,MI,Principal City,1986926,True,True,False,False,False,-0.023249368331021425,-0.004011705405589039,-0.7056825094749303,69.0,0.0,False,,0.0,1986926.0
2674900,Southfield,MI,Principal City,409397,True,True,True,False,False,0.017513527860038458,-0.0042948994120506345,1.0,291.0,13.0,False,,0.0,409397.0
2670760,St Clair Shores,MI,Metro City,859034,True,False,True,False,False,-0.0012943479176033001,0.000893461578898247,-1.0,-254.0,18.0,False,,0.0,859034.0
2676460,Sterling Heights,MI,Metro City,802997,True,False,True,False,False,0.00760221695730845,-0.00038316856731990256,1.0,352.0,70.0,False,,0.0,802997.0
2679000,Taylor,MI,Principal City,463413,True,False,True,False,False,0.004097059608259901,0.0017786826541859035,0.394567503222812,-204.0,45.0,False,,0.0,463413.0
2680340,Traverse,MI,Principal City,367861,False,True,False,False,False,0.026958833623404344,-0.00891711841695031,1.0,-104.0,,False,,0.0,367861.0
2684000,Warren,MI,Principal City,974298,True,False,True,False,False,-0.001203414297737626,-0.0009201409821626427,-0.13339578124299503,277.0,20.0,False,,0.0,974298.0
26161,Washtenaw County,MI,Urban County,2248182,False,False,False,False,True,0.011710270279262192,0.004002935730700985,0.490500445528065,1652.0,1193.0,False,bonus,193413.0475418615,2441595.0475418614
2612584240,Waterford Township,MI,Metro City,362163,True,False,True,False,False,-0.003378643100216294,-0.0006112660824113547,-0.6935939870146162,119.0,,False,,0.0,362163.0
26163,Wayne County,MI,Urban County,5492534,True,False,True,False,False,0.0059855208285630734,-0.0008599613190619637,1.0,378.0,2629.0,False,,0.0,5492534.0
2686000,Westland,MI,Metro City,1033365,True,True,True,False,False,0.004027422953820192,0.001966957708031014,0.3437327994370077,202.0,58.0,False,,0.0,1033365.0
2688940,Wyoming,MI,Principal City,477892,True,False,True,False,False,0.011150086157424077,0.001897285025015627,0.7091697632440841,526.0,155.0,False,,0.0,477892.0
27003,Anoka County,MN,Urban County,1666016,False,False,False,False,True,0.01430587139623607,0.006235902897771872,0.39285644866705677,1617.0,1062.0,False,bonus,189315.31348377123,1855331.3134837712
2706616,Bloomington,MN,Principal City,465137,False,False,False,False,True,0.012130422695859844,-0.007464350303618472,1.0,-114.0,342.0,False,bonus,0.0,465137.0
27037,Dakota County,MN,Urban County,1893442,False,False,False,False,True,0.0143268342200078,0.006635553624058765,0.3669086104675839,2432.0,2146.0,False,bonus,284733.9779793022,2178175.9779793024
2717000,Duluth,MN,Principal City,2341913,True,False,True,False,False,0.007583603566341024,0.001807347699974482,0.6150874072880614,173.0,402.0,False,,0.0,2341913.0
2718116,Eden Prairie,MN,Principal City,279604,False,False,False,False,True,0.005816127750074118,0.007224284781070622,-0.10798408621148815,194.0,36.0,False,penalty,-27960.4,251643.6
27053,Hennepin County,MN,Urban County,2993886,False,False,False,False,True,0.013721412525356191,0.0072608611960403024,0.3079052067997663,7086.0,3919.0,False,bonus,829615.5295893649,3823501.529589365
2739878,Mankato,MN,Principal City,435932,True,False,True,False,False,0.018644693849732663,0.01698407077444375,0.04660905571118439,343.0,206.0,False,,0.0,435932.0
2743000,Minneapolis,MN,Principal City,10988006,False,True,False,False,False,0.0214640220129918,0.007929160273622227,0.46047622905851526,5863.0,452.0,False,,0.0,10988006.0
2743864,Moorhead,MN,Metro City,356693,True,False,True,False,False,0.01391762109312733,0.028688255195021384,-0.34668067855237766,332.0,227.0,False,,0.0,356693.0
2751730,Plymouth,MN,Principal City,255820,False,False,False,False,True,0.005884543403990916,0.009802388505456339,-0.24975215829845926,-166.0,104.0,False,penalty,-25582.0,230238.0
27123,Ramsey County,MN,Urban County,1215422,True,False,False,False,False,0.01232380185775428,0.0020527948904351945,0.7144254754598004,2264.0,1084.0,False,,0.0,1215422.0
2754880,Rochester,MN,Principal City,676343,True,True,False,False,False,0.018346821227736232,0.014808695811306283,0.10671302191618982,897.0,1118.0,False,,0.0,676343.0
2756896,St Cloud,MN,Principal City,687307,True,False,True,False,False,0.014426980595898975,0.0016759627416087497,0.7918439248674471,187.0,288.0,False,,0.0,687307.0
27137,St Louis County,MN,Urban County,1909180,True,False,True,False,False,-0.0007483433841499743,0.0027845922470250972,-1.0,339.0,637.0,False,,0.0,1909180.0
2758000,St Paul,MN,Principal City,6756518,True,False,False,False,False,0.01937546257368128,0.001362289703940478,0.8686174195059189,1675.0,404.0,False,,0.0,6756518.0
27163,Washington County,MN,Urban County,697198,False,False,False,False,True,0.021202902090916798,0.008831047840658801,0.41192897632326053,2272.0,1397.0,False,bonus,266001.4794280323,963199.4794280323
2771428,Woodbury,MN,Metro City,266417,False,False,False,False,True,0.02928194688954422,0.01164402482222382,0.4309713692698642,843.0,451.0,False,bonus,98696.85174200319,365113.8517420032
2806220,Biloxi,MS,Principal City,409375,True,True,False,False,False,0.010777057026602588,0.0027153983879899535,0.5974938134606457,-128.0,284.0,False,,0.0,409375.0
2829700,Gulfport,MS,Principal City,776285,True,True,False,False,False,-0.000171321906177746,0.005939131149274246,-1.0,662.0,1152.0,False,,0.0,776285.0
2831020,Hattiesburg,MS,Principal City,569656,True,True,False,False,False,0.018973877412273854,-0.0013242840427032387,1.0,359.0,39.0,False,,0.0,569656.0
2836000,Jackson,MS,Principal City,1787635,True,True,True,False,False,0.0007415863627491248,-0.0019908955963665598,1.0,-232.0,50.0,False,,0.0,1787635.0
2849240,Moss Point,MS,Metro City,97999,True,True,True,False,False,-0.021131869037494755,0.0006448250516761789,-1.0,153.0,0.0,False,,0.0,97999.0
2855360,Pascagoula,MS,Principal City,261473,True,True,True,False,False,-0.0034369693220259734,-0.001631949190748494,-0.35609570892263237,91.0,7.0,False,,0.0,261473.0
2906652,Blue Springs,MO,Metro City,265704,True,False,False,False,False,0.025490227822592137,0.006538493909982179,0.5917105924753591,463.0,224.0,False,,0.0,265704.0
2911242,Cape Girardeau,MO,Principal City,326728,True,True,True,False,False,0.008267305015608128,0.009186650543066222,-0.052672617640600806,155.0,46.0,False,,0.0,326728.0
2915670,Columbia,MO,Principal City,1065222,True,False,False,False,False,0.013167357843937966,0.017248646994923345,-0.13418228898263718,613.0,1010.0,False,,0.0,1065222.0
2924778,Florissant,MO,Metro City,264212,True,False,True,False,False,0.01077134429095472,-0.016190373207969233,1.0,-157.0,28.0,False,,0.0,264212.0
2935000,Independence,MO,Metro City,911277,True,False,False,False,False,0.009331309022455825,-0.0010241344300743194,1.0,660.0,56.0,False,,0.0,911277.0
2937000,Jefferson,MO,Principal City,264411,True,True,False,False,False,0.003783394755360492,0.002568109047352607,0.1913382634658528,303.0,25.0,False,,0.0,264411.0
29099,Jefferson County,MO,Urban County,1062194,True,False,False,False,False,0.006296752672159567,0.005883679950340115,0.03391281201756532,660.5823279999895,811.0,False,,0.0,1062194.0
2937592,Joplin City,MO,Principal City,515502,True,False,False,False,False,0.016982985575999532,-0.0032658259897225816,1.0,432.0,209.0,False,,0.0,515502.0
2938000,Kansas,MO,Principal City,7608758,True,False,False,False,False,0.010781729824173025,0.006196892016064659,0.27003592230570483,1654.0,2878.0,False,,0.0,7608758.0
2941348,Lees Summit,MO,Metro City,385005,False,False,False,False,True,0.018603751495069876,0.014498409448844507,0.12402036390255994,882.0,498.0,False,penalty,-38500.5,346504.5
2954074,O'Fallon,MO,Metro City,338193,True,False,True,False,False,0.024308445179693994,0.012280711130077115,0.3287240063090736,653.0,484.0,False,,0.0,338193.0
2970000,Springfield,MO,Principal City,1489039,True,False,True,False,False,0.006008090316405257,0.009826053932128431,-0.24112219490969553,781.0,127.0,False,,0.0,1489039.0
2964550,St Joseph,MO,Principal City,1461592,True,False,False,False,False,-0.0016219083772257559,0.0014379066066891877,-1.0,112.0,30.0,False,,0.0,1461592.0
2965000,St Louis,MO,Principal City,17660570,True,True,True,False,False,-0.0029804414353925557,0.001218731824737862,-1.0,191.0,294.0,False,,0.0,17660570.0
29189,St Louis County,MO,Urban County,5806360,True,False,True,False,False,0.0019147917954915883,0.0022843134626153727,-0.08800009630870079,877.1428300000262,1193.0,False,,0.0,5806360.0
29183,St. Charles County,MO,Urban County,1065633,True,False,True,False,False,0.016317188407757977,0.0135386721117019,0.09306435144433557,2622.192367999989,2040.0,False,,0.0,1065633.0
3006550,Billings,MT,Principal City,674856,False,False,True,False,False,0.015456275647750983,0.015213267034861921,0.007923450812549209,809.0,655.0,False,,0.0,674856.0
3008950,Bozeman,MT,Principal City,347790,False,False,False,False,True,0.04197933792414066,0.03356928615342114,0.11131972121802457,1062.0,867.0,True,bonus,124336.95913405385,472126.95913405385
3032800,Great Falls,MT,Principal City,761417,True,False,False,False,False,0.0021462008935151378,0.007663759805784265,-0.5624445480870452,85.0,99.0,False,,0.0,761417.0
3050200,Missoula,MT,Principal City,520234,False,False,True,False,False,0.01780016559772135,0.017112205238523748,0.019705346349133682,1007.0,544.0,False,,0.0,520234.0
3103950,Bellevue,NE,Metro City,315457,True,False,True,False,False,0.04295375726985218,0.0016716879247746785,0.9250791597715664,286.0,332.0,True,,0.0,315457.0
3119595,Grand Island,NE,Principal City,348081,True,False,False,False,False,0.008891604011428411,0.007343574939554065,0.09535029312261857,137.0,223.0,False,,0.0,348081.0
3128000,Lincoln,NE,Principal City,1878880,True,False,True,False,False,0.013675709280537518,0.01369881473621315,-0.0008440495864510086,2046.0,1730.0,False,,0.0,1878880.0
3137000,Omaha,NE,Principal City,4254206,True,False,True,False,False,0.011133054294224731,0.015288643337834085,-0.15727941109155535,1383.0,4360.0,False,,0.0,4254206.0
3209700,Carson,NV,Principal City,402733,False,False,False,False,True,0.009671777614570498,0.004001883965018882,0.41465803556342534,254.0,264.0,False,bonus,29737.841450140935,432470.8414501409
32003,Clark County,NV,Urban County,8550959,False,True,False,False,False,0.010687350350597313,0.011199096619175286,-0.02338187963010836,13035.0,14754.0,False,,0.0,8550959.0
3231900,Henderson,NV,Principal City,1687463,False,False,False,False,True,0.017463862165015387,0.023598595299653358,-0.14940004844854846,4396.0,3286.0,False,penalty,-168746.30000000002,1518716.7
3240000,Las Vegas,NV,Principal City,5341723,False,False,False,False,True,0.006234783241649611,0.008540140405690844,-0.1560317480528034,3696.0,3590.0,False,penalty,-534172.3,4807550.7
3251800,North Las Vegas,NV,Metro City,1959935,False,False,False,False,True,0.03404031188862722,0.006577499708609658,0.676127321982206,2946.0,2078.0,False,bonus,344912.1295752567,2304847.1295752567
3260600,Reno,NV,Principal City,2002682,False,False,False,False,True,0.025325047186423255,0.012942770481949362,0.32356892707544,3265.0,2723.0,False,bonus,382260.04856185097,2384942.048561851
3268400,Sparks,NV,Metro City,739006,False,True,False,False,False,0.02308117178610747,0.01643374605493242,0.1682257257351826,1425.0,805.0,False,,0.0,739006.0
3318820,Dover,NH,Metro City,328545,False,False,False,False,True,0.016420721616572598,0.011326715630276762,0.18358473760938931,-6.0,513.0,False,penalty,-32854.5,295690.5
3345140,Manchester,NH,Principal City,1570991,False,False,False,False,True,0.010546738283376822,0.0007865629267966856,0.8611943841939689,-283.0,193.0,False,bonus,0.0,1570991.0
3350260,Nashua,NH,Principal City,652953,False,False,False,False,True,0.004322784671449975,0.006855891011049886,-0.22660164866983942,298.0,146.0,False,penalty,-65295.3,587657.7
3362900,Portsmouth,NH,Metro City,522653,False,False,True,False,False,0.013836898394217867,-0.008394825741264933,1.0,276.0,113.0,False,,0.0,522653.0
3365140,Rochester,NH,Metro City,257705,False,False,False,False,True,0.016818554120041185,-0.0065118581561756095,1.0,85.0,213.0,False,bonus,9951.639855362126,267656.6398553621
3401960,Asbury Park,NJ,Metro City,392066,False,False,False,False,True,0.005265912603252154,0.007894060082772603,-0.19970766978197543,-170.0,51.0,False,penalty,-39206.6,352859.4
3402080,Atlantic,NJ,Principal City,1305980,True,False,False,False,False,-0.0049636131473203005,-0.0012289962336513582,-0.6030764551603217,-148.0,57.0,False,,0.0,1305980.0
34001,Atlantic County,NJ,Urban County,1184270,False,False,False,False,True,0.006984064182385286,0.0032799896835769005,0.3608783183700832,188.0,647.0,False,bonus,22010.685797742113,1206280.685797742
3403580,Bayonne,NJ,Metro City,1364019,False,False,False,False,True,0.024190805874809262,-0.0003072062372273532,1.0,625.0,150.0,False,bonus,73173.82246589797,1437192.822465898
34003,Bergen County,NJ,Urban County,8974151,False,False,False,False,True,0.006501863596638735,0.0019847784904385435,0.532258231212368,1078.0,3329.0,False,bonus,126210.20898918081,9100361.20898918
3401306260,Bloomfield,NJ,Metro City,974904,False,False,False,False,True,0.021473894741839583,0.013095493077256881,0.24236476817082633,76.0,,False,penalty,-97490.40000000001,877413.6
3402907420,Brick Township,NJ,Metro City,290827,False,True,False,False,False,-0.003890821918494214,-0.001484582799127665,-0.44763868876297147,-54.0,,False,,0.0,290827.0
3407600,Bridgeton,NJ,Principal City,331652,True,False,False,False,False,0.020693966667986397,0.012682340903675371,0.2400393077367646,301.0,66.0,False,,0.0,331652.0
34005,Burlington County,NJ,Urban County,1594333,False,False,False,False,True,0.009302347130299982,0.003375056758440076,0.4675476480736301,1060.0,2154.0,False,bonus,124102.80290216298,1718435.802902163
3410000,Camden,NJ,Principal City,2380231,True,False,False,False,False,-0.014857153902804177,-0.010678346581325604,-0.16364697155928806,-628.0,8.0,False,,0.0,2380231.0
34007,Camden County,NJ,Urban County,2577208,True,False,False,False,False,0.009773425358748256,0.002161369287199788,0.6378036905840537,551.0,970.0,False,,0.0,2577208.0
3400712280,Cherry Hill,NJ,Metro City,407498,False,False,False,False,True,0.014880742249435697,0.006833958712149313,0.37056847117175445,651.0,,False,bonus,76217.85348047933,483715.85348047933
3413690,Clifton,NJ,Metro City,1261206,False,False,False,False,True,0.019118883297035927,0.001409830998999162,0.8626479010162408,547.0,155.0,False,bonus,64041.729422153905,1325247.729422154
3419390,East Orange,NJ,Metro City,1405027,False,False,False,False,True,0.015728632295144873,-0.020117618616283806,1.0,-28.0,134.0,False,bonus,0.0,1405027.0
3402320230,Edison,NJ,Metro City,671667,False,False,False,False,True,0.016197389438848075,-0.0004414403707325709,1.0,1168.0,,False,bonus,136747.2394242701,808414.2394242701
3421000,Elizabeth,NJ,Metro City,1679231,False,False,False,False,True,0.019600702595317765,-0.0002697720818957139,1.0,36.0,119.0,False,bonus,4214.812174035724,1683445.8121740357
34013,Essex County,NJ,Urban County,5216482,False,False,False,False,True,0.011001310080826388,-0.00046590041744298816,1.0,443.0,3827.0,False,bonus,51865.60536382849,5268347.605363828
3402122185,Ewing Township,NJ,Metro City,278056,False,False,False,False,True,0.010220173244014585,0.00817173028791296,0.11137743042995077,104.0,,False,penalty,-27805.600000000002,250250.4
3424930,Franklin Township,NJ,Metro City,348012,True,False,False,False,False,0.00043763692908904694,0.004258871221319849,-0.8136330588286343,-71.0,1.0,False,,0.0,348012.0
34015,Gloucester County,NJ,Urban County,1400984,False,False,False,False,True,0.007688073899817516,0.004376390323686863,0.2744990175095156,385.0,899.0,False,penalty,-140098.4,1260885.6
3426820,Gloucester Twp,NJ,Metro City,312318,False,False,False,False,True,0.0049721924981169785,-0.00628383562595225,1.0,-88.0,0.0,False,bonus,0.0,312318.0
3402129310,Hamilton,NJ,Metro City,603600,False,False,False,False,True,0.014997556272288382,-0.005119540159267966,1.0,601.0,,False,bonus,70363.94768320749,673963.9476832075
3432250,Hoboken,NJ,Metro City,1053789,False,False,False,False,True,0.020048453397380595,0.007677355345367065,0.44619430822732925,274.0,59.0,False,bonus,32079.40376904967,1085868.4037690496
34017,Hudson County,NJ,Urban County,2052540,False,False,False,False,True,0.02680171956165789,0.010590663042734594,0.43353900954733443,532.0,5136.0,False,bonus,62285.55768297236,2114825.5576829724
3401334450,Irvington,NJ,Metro City,1098955,False,False,False,False,True,0.010999870599719186,-0.001878849234063229,1.0,979.0,,False,bonus,114619.47551058259,1213574.4755105826
3436000,Jersey,NJ,Principal City,4321335,False,False,False,False,True,0.035137993508184806,0.006532930901403722,0.6864513569609948,2595.0,2601.0,False,bonus,303817.7108784084,4625152.7108784085
3438580,Lakewood Township,NJ,Metro City,1660999,False,False,False,False,True,0.06013779576880007,-0.002061612204176111,1.0,184.0,,True,bonus,21542.373333960364,1682541.3733339603
3441310,Long Branch,NJ,Metro City,430460,False,False,False,False,True,0.006224154971967932,0.0018005257035196287,0.5512529965162176,-44.0,59.0,False,bonus,0.0,430460.0
34023,Middlesex County,NJ,Urban County,1778781,False,False,False,False,True,0.008403242432449387,0.0037565121633762466,0.38214013551460435,-726.0,1792.0,False,bonus,0.0,1778781.0
3402545990,Middletown,NJ,Metro City,262196,False,False,False,False,True,0.006016975854031603,-0.001073101325997805,1.0,-49.0,,False,bonus,0.0,262196.0
3446680,Millville,NJ,Metro City,279713,True,False,False,False,False,-0.004450014816490655,0.021587137716294835,-1.0,320.0,32.0,False,,0.0,279713.0
34025,Monmouth County,NJ,Urban County,2528455,False,False,False,False,True,0.00756958467387836,0.001740244095999266,0.6261490648184841,936.0,2782.0,False,bonus,109585.1165249288,2638040.1165249287
34027,Morris County,NJ,Urban County,1853121,False,False,False,False,True,0.0025511600122500866,0.0036351953821001093,-0.17523005077271153,278.0,2055.0,False,penalty,-185312.1,1667808.9
3451210,New Brunswick,NJ,Principal City,815209,False,False,False,False,True,-0.00047399002224890463,0.02455896563364046,-1.0,-217.0,43.0,False,penalty,-81520.90000000001,733688.1
3451000,Newark,NJ,Principal City,6743865,False,False,False,False,True,0.011036966244535762,0.010989894274180845,0.0021370258514561936,-58.0,1736.0,False,penalty,-674386.5,6069478.5
3401752470,North Bergen Township,NJ,Metro City,741207,False,False,False,False,True,0.013964447309129602,-0.0029875925643656487,1.0,-65.0,,False,bonus,0.0,741207.0
3454360,Ocean,NJ,Principal City,269952,False,True,False,False,False,0.010426423868836077,-0.0006250687004033528,1.0,286.0,164.0,False,,0.0,269952.0
34029,Ocean County,NJ,Urban County,1369138,False,False,False,False,True,0.003034588520817838,0.005040445019460549,-0.2484022498033561,216.0,3706.0,False,penalty,-136913.80000000002,1232224.2
3454690,Old Bridge Township,NJ,Metro City,360622,False,False,False,False,True,0.050215328823030925,0.004953757556488192,0.8204154579464917,-124.0,,True,bonus,0.0,360622.0
3402756460,Parsippany-Troyhills Twp,NJ,Metro City,247701,False,False,False,False,True,0.029541076351496054,-0.0064259960226334956,1.0,407.0,,False,bonus,47650.79318979276,295351.7931897928
3456550,Passaic,NJ,Metro City,1276682,False,False,False,False,True,0.004655668716284644,-0.004918332272421777,1.0,674.0,74.0,False,bonus,78910.65014722438,1355592.6501472243
34031,Passaic County,NJ,Urban County,996962,False,False,False,False,True,0.007803200037255875,0.001967072403552317,0.597335199101244,-373.0,852.0,False,bonus,0.0,996962.0
3457000,Paterson,NJ,Metro City,2644414,False,False,False,False,True,0.010997491664920034,0.0035324216542975684,0.5137725082467622,-13.0,366.0,False,bonus,0.0,2644414.0
3458200,Perth Amboy,NJ,Metro City,687972,False,False,False,False,True,0.029514559676827146,-0.00377756452464717,1.0,-69.0,1.0,False,bonus,0.0,687972.0
3402359010,Piscataway Township,NJ,Metro City,278453,False,False,False,False,True,0.01336916755681461,-0.009416033839652505,1.0,142.0,,False,bonus,16625.09246425202,295078.092464252
3460900,Princeton,NJ,Metro City,185428,False,False,False,False,True,-0.02089314682659571,0.011738494220017381,-1.0,169.0,22.0,False,penalty,-18542.8,166885.2
3465790,Sayreville,NJ,Metro City,227914,False,False,False,False,True,0.010597579078749142,-0.0006035650212888877,1.0,347.0,34.0,False,bonus,40626.10623306656,268540.10623306653
34035,Somerset County,NJ,Urban County,1157043,False,False,False,False,True,0.013928201953932184,0.0011585972938998879,0.846409132266226,577.0,635.0,False,bonus,67554.07290051701,1224597.072900517
3473110,Toms River Township,NJ,Metro City,405264,False,False,False,False,True,0.01521172265885884,0.0016902545994075258,0.7999932701860829,733.0,,False,bonus,85818.25898800514,491082.2589880051
3474000,Trenton,NJ,Principal City,2527173,False,False,False,False,True,-0.0007170248561534365,0.0006131886345435156,-1.0,-1358.0,5.0,False,penalty,-252717.30000000002,2274455.7
3474630,Union,NJ,Metro City,1090426,False,False,False,False,True,0.0038159188389477183,0.009856875888909933,-0.4418231363961063,-34.0,69.0,False,penalty,-109042.6,981383.4
34039,Union County,NJ,Urban County,4410172,False,False,False,False,True,0.007004835713170454,0.0028492469260832376,0.42171239467116384,944.0,1696.0,False,bonus,110521.74145249231,4520693.741452493
3403974480,Union Township,NJ,Metro City,611899,False,False,False,False,True,0.006844886274684603,-0.0010749195298103142,1.0,136.0,,False,bonus,15922.623768579399,627821.6237685794
3476070,Vineland,NJ,Principal City,431508,True,False,False,False,False,0.001721788487757614,-0.004208078794464054,1.0,-325.0,118.0,False,,0.0,431508.0
3403177840,Wayne Township,NJ,Metro City,170556,False,False,False,False,True,0.000985056618335589,-0.002391867747592147,1.0,-458.0,,False,bonus,0.0,170556.0
3481950,Woodbridge,NJ,Metro City,636236,False,False,False,False,True,0.020803615250394314,-0.0010928113966871544,1.0,158.0,,False,bonus,18498.342319379008,654734.342319379
3502000,Albuquerque,NM,Principal City,4395720,True,False,False,False,False,0.010141093212641783,0.0037197186679469585,0.46327549930084433,1317.0,1099.0,False,,0.0,4395720.0
3525800,Farmington,NM,Principal City,461761,True,False,True,False,False,0.010567506312092245,0.003480454656287435,0.5044897029367419,568.0,43.0,False,,0.0,461761.0
3539380,Las Cruces,NM,Principal City,1163202,True,False,False,False,False,0.024259121855326304,0.008992750286008988,0.4591131441991725,614.0,745.0,False,,0.0,1163202.0
3563460,Rio Rancho,NM,Metro City,493138,True,True,True,False,False,0.024743202565664202,0.012811192529934123,0.31772606123347213,1268.0,1252.0,False,,0.0,493138.0
3570500,Santa Fe,NM,Principal City,633475,False,False,False,False,True,0.022871890994456967,0.02433506627274129,-0.030994907593864564,1079.0,244.0,False,penalty,-63347.5,570127.5
3601000,Albany,NY,Principal City,3043143,True,False,False,False,False,0.006451365348971949,0.0059558555790797385,0.03993720856311219,-301.0,242.0,False,,0.0,3043143.0
3602902000,Amherst,NY,Metro City,625669,True,False,True,False,False,0.00596431142238063,0.01011997748167448,-0.25836803131819763,504.0,,False,,0.0,625669.0
3603078,Auburn,NY,Metro City,813992,True,False,False,False,False,0.007374480672571071,0.008669741449130353,-0.08073066844464283,243.0,1.0,False,,0.0,813992.0
3603408,Babylon Town,NY,Metro City,1118673,False,False,True,False,False,0.002267692216529671,0.002379259602478534,-0.024008724491719563,-24.0,33.0,False,,0.0,1118673.0
3606607,Binghamton,NY,Principal City,1790607,True,True,True,False,False,0.016464324688030718,-0.0017637841013625755,1.0,622.0,65.0,False,,0.0,1790607.0
3609000,Brookhaven Town,NY,Metro City,2169136,False,False,True,False,False,-0.059280070919997985,0.0026776253650186987,-1.0,-175.0,,False,,0.0,2169136.0
3611000,Buffalo,NY,Principal City,13103636,True,False,True,False,False,0.008635814742291581,-0.0036920362129736484,1.0,317.0,183.0,False,,0.0,13103636.0
3615000,Cheektowaga Town,NY,Principal City,956973,True,False,True,False,False,0.0014727855586027516,-0.004495588248984661,1.0,-32.0,,False,,0.0,956973.0
3617332,Colonie Town,NY,Metro City,369706,True,False,False,False,False,0.006701081928959685,-0.015905108688213487,1.0,35.0,0.0,False,,0.0,369706.0
3621105,Dunkirk,NY,Metro City,433336,True,False,True,False,False,0.013046130434969605,-0.014566117365838238,1.0,-132.0,1.0,False,,0.0,433336.0
36027,Dutchess County,NY,Urban County,1497550,False,False,True,False,False,0.004890983674304739,0.00249754687759407,0.3239394870060555,497.0,633.0,False,,0.0,1497550.0
3624229,Elmira,NY,Principal City,1095403,True,True,False,False,False,0.00932770398964844,0.001577556832898841,0.7106796694606061,-9.0,63.0,False,,0.0,1095403.0
36029,Erie County,NY,Urban County,2994630,True,False,True,False,False,0.00592230693452378,0.009663744581013267,-0.24005038368824927,-51.0,1208.0,False,,0.0,2994630.0
3629333,Glen Falls,NY,Principal City,469459,False,False,False,False,True,0.0032841429745344985,-0.004672086225842809,1.0,104.0,75.0,False,bonus,12176.124058325424,481635.1240583254
3630279,Greece,NY,Metro City,554086,True,True,False,False,False,0.005427727329042176,-0.0020901673186759506,1.0,-5.0,,False,,0.0,554086.0
3631643,Hamburg Town,NY,Metro City,445160,True,False,True,False,False,-0.003149022024833581,0.012422663232825704,-1.0,388.0,,False,,0.0,445160.0
3636233,Huntington Town,NY,Metro City,821950,False,False,True,False,False,0.017517107602651905,0.008777488057036376,0.33237322447266476,1.0,,False,,0.0,821950.0
3637737,Irondequoit,NY,Metro City,899321,True,False,False,False,False,-0.002993939479059793,0.0009837407834694112,-1.0,45.0,,False,,0.0,899321.0
3637869,Islip Town,NY,Metro City,1758897,False,True,True,False,False,0.0005016934670845075,-0.008175984869789765,1.0,15.0,,False,,0.0,1758897.0
3638077,Ithaca,NY,Principal City,680918,False,False,False,False,True,0.06131760152941901,0.028532503592152425,0.36488658408253166,576.0,117.0,True,bonus,67436.99478457158,748354.9947845716
3638264,Jamestown,NY,Metro City,1105265,True,True,True,False,False,-0.0013445426796908633,0.0006718178719349321,-1.0,373.0,2.0,False,,0.0,1105265.0
3639727,Kingston,NY,Principal City,712928,True,False,False,False,False,0.018346188322589718,-0.01623829469300131,1.0,172.0,194.0,False,,0.0,712928.0
3639853,Kiryas Joel village,NY,Principal City,750045,False,False,True,False,False,0.12773045932127824,0.020264414043990264,0.726147080865763,701.0,692.0,True,,0.0,750045.0
3647042,Middletown,NY,Metro City,426960,False,False,True,False,False,-0.01901063279831039,0.008878274708465028,-1.0,-385.0,27.0,False,,0.0,426960.0
36055,Monroe County,NY,Urban County,1842072,True,False,False,False,False,0.008016024442912828,0.005150980606251965,0.21759267395759055,529.0,1156.0,False,,0.0,1842072.0
3649121,Mount Vernon,NY,Metro City,1548930,False,False,True,False,False,0.016314245156718865,-0.007560985751289051,1.0,-810.0,0.0,False,,0.0,1548930.0
36059,Nassau County,NY,Urban County,13259692,False,False,True,False,False,0.0019610555939535423,0.0024967114732528106,-0.120162375293189,932.0,830.0,False,,0.0,13259692.0
3650617,New Rochelle,NY,Metro City,1385726,False,False,True,False,False,0.017205138271246367,0.0008590391448835,0.9048903113499709,654.0,5.0,False,,0.0,1385726.0
3651000,New York,NY,Principal City,170159554,False,False,True,False,False,0.010330755600598929,0.00501388940374925,0.3464965266608025,28590.0,6929.0,False,,0.0,170159554.0
3650034,Newburgh,NY,Metro City,808151,True,False,True,False,False,-0.006811265314159876,0.020861079306953023,-1.0,170.0,23.0,False,,0.0,808151.0
3651055,Niagara Falls,NY,Principal City,2150047,True,False,True,False,False,-0.0013052992425627297,0.0005838468084053972,-1.0,90.0,4.0,False,,0.0,2150047.0
36067,Onondaga County,NY,Urban County,2272403,True,False,False,False,False,0.005400782038368579,0.002878914245588504,0.30458457729500293,873.0,633.0,False,,0.0,2272403.0
36071,Orange County,NY,Urban County,1645340,False,False,True,False,False,0.008224353418097685,-0.0029439204896625215,1.0,722.0,2172.0,False,,0.0,1645340.0
3659641,Poughkeepsie,NY,Metro City,840397,True,False,True,False,False,-0.003380421516677501,0.008815172045668618,-1.0,36.0,117.0,False,,0.0,840397.0
3663000,Rochester,NY,Principal City,8068072,True,False,False,False,False,0.008896544847891041,0.003357109548583148,0.45206394109677067,1228.0,487.0,False,,0.0,8068072.0
36087,Rockland County,NY,Urban County,2691786,False,False,True,False,False,0.004935240867819823,0.0038042291559485797,0.1294142217772101,369.0,415.0,False,,0.0,2691786.0
3663418,Rome,NY,Principal City,945127,True,False,True,False,False,0.006002001357852338,-0.007157337583938217,1.0,48.0,70.0,False,,0.0,945127.0
3665255,Saratoga Springs,NY,Metro City,323737,False,False,False,False,True,0.004976118295374254,0.022482768587867907,-0.6375586296317699,36.0,131.0,False,penalty,-32373.7,291363.3
3665508,Schenectady,NY,Principal City,2050241,True,False,False,False,False,-0.0029842050493780192,0.0020254193152964284,-1.0,75.0,0.0,False,,0.0,2050241.0
36103,Suffolk County,NY,Urban County,1297836,False,False,True,False,False,0.0020583928536692664,0.013350938399521839,-0.732838132966608,389.0,1407.0,False,,0.0,1297836.0
3673000,Syracuse,NY,Principal City,4795536,True,False,False,False,False,-0.0006230847214017121,0.008698857446435282,-1.0,-554.0,290.0,False,,0.0,4795536.0
3674166,Tonawanda Town,NY,Metro City,1592983,True,False,True,False,False,-0.003021526415406539,0.007640494873708548,-1.0,144.0,1.0,False,,0.0,1592983.0
3675484,Troy,NY,Principal City,1725397,True,True,False,False,False,0.010406616280618008,0.0030057830980785294,0.5517903973463931,-248.0,124.0,False,,0.0,1725397.0
3600776056,Union Town,NY,Metro City,1253674,True,False,True,False,False,0.005855467263862879,-0.0017260940757155563,1.0,-60.0,0.0,False,,0.0,1253674.0
3676540,Utica,NY,Principal City,2320311,True,False,True,False,False,0.0013806828543763139,0.004599698957005849,-0.5382626401048412,16.0,0.0,False,,0.0,2320311.0
3678608,Watertown,NY,Principal City,860088,True,False,True,False,False,0.003614007799554564,-0.0004241526051571576,1.0,192.0,0.0,False,,0.0,860088.0
36119,Westchester County,NY,Urban County,4646543,False,False,True,False,False,0.007900934092825107,0.0034276853973749244,0.3948626484736136,-20.0,1592.0,False,,0.0,4646543.0
3681677,White Plains,NY,Principal City,892382,False,False,True,False,False,0.023382724467259974,0.011924805177514264,0.32451772766383735,1204.0,10.0,False,,0.0,892382.0
3684000,Yonkers,NY,Metro City,3248745,False,False,True,False,False,0.009340182678658326,-0.0012204861340228135,1.0,1155.0,249.0,False,,0.0,3248745.0
3702140,Asheville,NC,Principal City,972202,False,True,True,False,False,0.015497152675861603,0.020099269869150227,-0.1292859468523621,904.0,739.0,False,,0.0,972202.0
3709060,Burlington,NC,Principal City,481204,True,False,True,False,False,0.02546483269015387,-0.0004812910613705146,1.0,593.0,347.0,False,,0.0,481204.0
3710740,Cary,NC,Metro City,734151,False,True,True,False,False,0.02106057630731417,0.03173477806203051,-0.20218070097686952,1161.0,1052.0,False,,0.0,734151.0
3711800,Chapel Hill,NC,Principal City,415188,False,True,True,False,False,0.01043733329873775,0.0012013877475003376,0.7935533049159804,376.0,159.0,False,,0.0,415188.0
3712000,Charlotte,NC,Principal City,5741754,False,True,True,False,False,0.021293129936157396,0.018265723752457053,0.07652916860358039,8470.0,,False,,0.0,5741754.0
3714100,Concord,NC,Principal City,560220,False,True,True,False,False,0.03627783352020164,0.0191212602931925,0.30969050296741685,649.0,,False,,0.0,560220.0
37051,Cumberland County,NC,Urban County,909877,True,False,True,False,False,0.0015551028767484265,0.006306809971001526,-0.6043957986144579,-62.0,1230.0,False,,0.0,909877.0
3719000,Durham,NC,Principal City,1936725,False,False,True,False,False,0.02928385926199817,0.019929663558456046,0.19007368640666208,3973.0,2793.0,False,,0.0,1936725.0
3722920,Fayetteville,NC,Principal City,1748202,True,False,True,False,False,-0.006253717529074332,0.009375577344661767,-1.0,676.0,525.0,False,,0.0,1748202.0
3725580,Gastonia,NC,Principal City,567471,True,False,True,False,False,0.01629175692231244,0.011190142547562232,0.18563543543787925,616.0,,False,,0.0,567471.0
3726880,Goldsboro,NC,Principal City,337814,True,False,True,False,False,0.010241370186331089,0.0029836249775654355,0.5487900085271018,320.0,118.0,False,,0.0,337814.0
3728000,Greensboro,NC,Principal City,2489554,True,False,True,False,False,0.006523877353517893,0.007423894930209229,-0.06452769362612751,2100.0,1954.0,False,,0.0,2489554.0
3728080,Greenville,NC,Principal City,855949,True,False,True,False,False,0.01371328606751665,0.011385976591679281,0.09272421693968304,1433.0,843.0,False,,0.0,855949.0
3731060,Hickory,NC,Principal City,331589,True,True,True,False,False,0.012621536414558321,0.000395303492145338,0.939262755787331,627.0,,False,,0.0,331589.0
3731400,High Point,NC,Principal City,841549,True,False,True,False,False,0.009816280199694605,0.0025281995937476154,0.5903918778188327,141.0,1310.0,False,,0.0,841549.0
3734200,Jacksonville,NC,Principal City,422910,True,True,True,False,False,0.012621389314500853,0.005000419498477404,0.4324737543634393,-351.0,80.0,False,,0.0,422910.0
3735200,Kannapolis,NC,Metro City,380894,True,True,True,False,False,0.05497379786651946,0.005418103881179137,0.8205685290781356,1426.0,,True,,0.0,380894.0
3737760,Lenoir,NC,Principal City,136612,True,False,True,False,False,0.013603083852629316,-0.008506087620771874,1.0,445.0,,False,,0.0,136612.0
37119,Mecklenburg County,NC,Urban County,1022878,False,True,True,False,False,0.038500081812835596,0.017919192682759544,0.364784717883653,2868.388222000038,11969.0,False,,0.0,1022878.0
3744220,Mooresville,NC,Metro City,234527,False,False,True,False,False,0.07547623310338292,0.015438969365084931,0.6603655066282312,88.0,0.0,True,,0.0,234527.0
3744400,Morganton,NC,Principal City,212470,True,False,True,False,False,0.006044203572137974,-0.00592884765404611,1.0,219.0,97.0,False,,0.0,212470.0
3746340,New Bern,NC,Principal City,260903,True,True,True,False,False,0.012631919169576511,0.01710416078301802,-0.15039782044476566,502.0,303.0,False,,0.0,260903.0
3755000,Raleigh,NC,Principal City,2851817,False,True,True,False,False,0.021245934087995355,0.020670410406737894,0.013730292757990278,6653.0,5044.0,False,,0.0,2851817.0
3757500,Rocky Mount,NC,Principal City,501884,True,False,True,False,False,0.0003875132508199819,0.0017166775255905709,-0.6316747937836474,-183.0,100.0,False,,0.0,501884.0
3758860,Salisbury,NC,Metro City,342969,True,False,True,False,False,0.009987359676592922,0.004606291959132314,0.3687266115279717,114.0,,False,,0.0,342969.0
37179,Union County,NC,Urban County,801607,False,False,True,False,False,0.018878768071107777,0.01745435890990943,0.039204144524707496,2075.0,2334.0,False,,0.0,801607.0
37183,Wake County,NC,Urban County,2178737,False,True,True,False,False,0.03916466187845957,0.022723203190200714,0.2656653072459068,6249.64049000002,15248.0,False,,0.0,2178737.0
3774440,Wilmington,NC,Principal City,871503,False,False,True,False,False,0.013887068416577497,0.015521113640460715,-0.05556430590350432,1648.0,,False,,0.0,871503.0
3775000,Winston-Salem,NC,Principal City,2029462,True,True,True,False,False,0.013022539165373992,0.005819876100967569,0.3822579516795083,1829.0,2134.0,False,,0.0,2029462.0
3807200,Bismarck,ND,Principal City,389924,True,False,False,False,False,0.00399529645501473,0.02894644971969873,-0.7574326246201499,509.0,236.0,False,,0.0,389924.0
3825700,Fargo,ND,Principal City,874861,True,False,True,False,False,0.013524155201086074,0.027326966181640877,-0.33788083443875877,630.0,651.0,False,,0.0,874861.0
3832060,Grand Forks,ND,Principal City,441773,True,True,True,False,False,0.007206434728983302,0.02365619735008706,-0.532999342990556,232.0,107.0,False,,0.0,441773.0
3853380,Minot,ND,Principal City,315990,True,False,True,False,False,-0.001462918125780699,0.03019283483886359,-1.0,166.0,92.0,False,,0.0,315990.0
3901000,Akron,OH,Principal City,5830829,True,False,False,False,False,-0.006161325767917614,-0.0009899886385414947,-0.7231309987860886,238.0,,False,,0.0,5830829.0
3901420,Alliance,OH,Metro City,619064,True,False,False,False,False,-0.014669051490939444,-0.003368981809812932,-0.626457967601999,-157.0,10.0,False,,0.0,619064.0
3903828,Barberton,OH,Metro City,661601,True,False,False,False,False,-0.005323408418304809,0.008678127214979403,-1.0,-94.0,148.0,False,,0.0,661601.0
3907972,Bowling Green,OH,Metro City,284964,True,False,False,False,False,0.00616334751567571,-0.0025288872689369635,1.0,-21.0,,False,,0.0,284964.0
39017,Butler County,OH,Urban County,1318153,True,False,False,False,False,0.004584896457058285,0.005573411212911106,-0.09731096831956845,179.77658999999403,1162.0,False,,0.0,1318153.0
3912000,Canton,OH,Principal City,2536505,True,False,False,False,False,-0.00864908910058082,-0.0018796702292073197,-0.6429455417621095,-443.0,29.0,False,,0.0,2536505.0
3915000,Cincinnati,OH,Principal City,11063082,True,False,False,False,False,-0.0014227545992108181,-0.0007756361084318986,-0.2943600919205166,678.0,224.0,False,,0.0,11063082.0
39025,Clermont County,OH,Urban County,1002763,True,False,False,False,False,0.01194709685635531,0.004600796517899575,0.4439417255301552,875.1497879999952,996.0,False,,0.0,1002763.0
3916000,Cleveland,OH,Principal City,19463970,True,False,False,False,False,-0.01061115340416785,-0.00010177839097569308,-0.980998965937255,599.0,896.0,False,,0.0,19463970.0
3916014,Cleveland Heights,OH,Metro City,1566683,True,False,False,False,False,-0.004431597934466458,-0.0023215362114128446,-0.3124566575271058,-482.0,68.0,False,,0.0,1566683.0
3918000,Columbus,OH,Principal City,7527430,True,False,True,False,False,0.016035227835136112,0.007862812519903617,0.34197010272890677,5114.0,6084.0,False,,0.0,7527430.0
39035,Cuyahoga County,OH,Urban County,4227608,True,False,False,False,False,0.006682706512463055,-0.000695861175543433,1.0,-672.7278120000265,1685.0,False,,0.0,4227608.0
3919778,Cuyahoga Falls,OH,Metro City,669676,True,False,False,False,False,0.006950713686885379,0.0031832327661307502,0.3717683864052121,-119.0,,False,,0.0,669676.0
3921000,Dayton,OH,Principal City,5277784,True,False,False,False,False,-0.00815383528504754,-0.0027127229900129057,-0.5007208499053826,695.0,260.0,False,,0.0,5277784.0
39041,Delaware County,OH,Urban County,407782,False,False,True,False,False,0.03330469249703105,0.015296536866590937,0.3705288089671085,2054.0,2747.0,False,,0.0,407782.0
3923380,East Cleveland,OH,Metro City,937765,True,True,False,False,False,-0.05826720686539566,0.009404541268447364,-1.0,301.0,0.0,False,,0.0,937765.0
3925256,Elyria,OH,Principal City,728601,True,True,False,False,False,0.0010277022725102558,0.0018382181940646003,-0.2828117287298678,-201.0,219.0,False,,0.0,728601.0
3925704,Euclid,OH,Metro City,998865,True,True,False,False,False,0.00012375089324967448,-0.0004403892584801117,1.0,210.0,8.0,False,,0.0,998865.0
3925914,Fairborn,OH,Metro City,265003,True,False,False,False,False,0.014129513670180227,0.002227672799405944,0.7276215193183766,56.0,119.0,False,,0.0,265003.0
39049,Franklin County,OH,Urban County,2026554,True,False,False,False,False,0.009911138745124504,0.008370079340696668,0.0842974137277578,1600.8220829999773,8122.0,False,,0.0,2026554.0
3933012,Hamilton,OH,Metro City,1279648,True,False,False,False,False,-0.007991395590177253,7.138268328876762e-05,-1.0,-286.0,66.0,False,,0.0,1279648.0
39061,Hamilton County,OH,Urban County,3798710,True,False,False,False,False,0.002668574083909636,0.0028193524503061784,-0.027474559919211355,222.09142499999143,822.0,False,,0.0,3798710.0
3939872,Kent,OH,Metro City,264952,True,False,False,False,False,-0.015333106840741073,0.028685688635157636,-1.0,-259.0,1.0,False,,0.0,264952.0
3940040,Kettering,OH,Metro City,509132,True,False,False,False,False,0.0043291339845099586,-0.006160330278554005,1.0,-289.0,3.0,False,,0.0,509132.0
39085,Lake County,OH,Urban County,1352458,True,False,False,False,False,0.007133239933879265,0.003102514512228982,0.39378879621157886,186.0,428.0,False,,0.0,1352458.0
3941664,Lakewood,OH,Metro City,1889388,True,False,False,False,False,0.013124606843575748,-0.0018816592666633936,1.0,132.0,1.0,False,,0.0,1889388.0
3941720,Lancaster,OH,Metro City,489000,True,False,False,False,False,0.00020758676729903947,0.0074314003786117855,-0.9456507090969092,164.0,28.0,False,,0.0,489000.0
3943554,Lima,OH,Principal City,1009995,True,False,False,False,False,-0.013608141665650053,0.001741986292936648,-1.0,148.0,6.0,False,,0.0,1009995.0
3944856,Lorain,OH,Metro City,1303710,True,True,False,False,False,0.008493277064320681,-0.0026293563626305083,1.0,168.0,54.0,False,,0.0,1303710.0
3947138,Mansfield,OH,Principal City,858204,True,False,True,False,False,0.001742459957506215,-0.0019224366595210762,1.0,425.0,39.0,False,,0.0,858204.0
3947628,Marietta,OH,Metro City,369588,True,False,False,False,False,0.009611376505368696,-0.014334761353952286,1.0,5.0,,False,,0.0,369588.0
3948244,Massillon,OH,Principal City,646321,True,False,False,False,False,0.0012138492467841377,0.004562644763688839,-0.5797280341385662,246.0,150.0,False,,0.0,646321.0
3949056,Mentor,OH,Metro City,160804,True,False,False,False,False,0.004215112579116553,0.0022369412489904317,0.30659560239696754,259.0,75.0,False,,0.0,160804.0
3949840,Middletown,OH,Metro City,695797,True,False,False,False,False,0.003552253675599859,-0.004806031301655578,1.0,461.0,98.0,False,,0.0,695797.0
39113,Montgomery County,OH,Urban County,2021803,True,False,False,False,False,0.0004723997786357792,0.002799799185545515,-0.7112646365292314,-48.924617000011494,933.0,False,,0.0,2021803.0
3954040,Newark,OH,Metro City,745133,True,False,True,False,False,-0.006234247616649147,0.007070832489534551,-1.0,-481.0,,False,,0.0,745133.0
3961000,Parma,OH,Metro City,949665,True,False,False,False,False,0.0028001487132813807,-0.0036341396612643573,1.0,-321.0,3.0,False,,0.0,949665.0
3970380,Sandusky,OH,Metro City,699040,True,True,False,False,False,-0.00669889653796818,-0.0017572227519478956,-0.584390264209403,-140.0,13.0,False,,0.0,699040.0
3974118,Springfield,OH,Principal City,1740154,True,False,False,False,False,-0.0022613980137886625,-0.00204622317507408,-0.04995212654049342,-249.0,182.0,False,,0.0,1740154.0
39151,Stark County,OH,Urban County,1396925,True,False,False,False,False,0.0061880364408701816,0.0030443735332765787,0.3405029582088217,777.6085989999992,528.0,False,,0.0,1396925.0
3974608,Steubenville,OH,Principal City,594903,True,True,False,False,False,-0.016911414176067452,-0.003962590121856069,-0.6203325375141122,-381.0,0.0,False,,0.0,594903.0
39153,Summit County,OH,Urban County,915818,True,False,False,False,False,0.0015683141404678747,0.0006606865821108254,0.4071903383265966,685.0,1082.0,False,,0.0,915818.0
3977000,Toledo,OH,Principal City,7046960,True,False,False,False,False,-0.007903827007017195,-0.0003732240354624716,-0.9098171477868137,-467.0,144.0,False,,0.0,7046960.0
3980892,Warren,OH,Principal City,1146337,True,True,False,False,False,-0.009297328659468973,-0.004779841696388898,-0.3209087372591348,-59.0,0.0,False,,0.0,1146337.0
39165,Warren County,OH,Urban County,872108,False,False,False,False,True,0.020395617685091683,0.012256389306089188,0.24927191707391388,1117.7551620000013,1232.0,False,penalty,-87210.8,784897.2
3988000,Youngstown,OH,Principal City,3266480,True,False,False,False,False,-0.027734670683412177,0.0013054874756783796,-1.0,2.0,,False,,0.0,3266480.0
4023200,Edmond,OK,Metro City,499591,False,False,True,False,False,0.017637719904020077,0.015901397296904207,0.05177007482677629,766.0,963.0,False,,0.0,499591.0
4023950,Enid,OK,Metro City,480118,True,True,False,False,False,0.011232946279799538,9.149130985730558e-05,0.9838417918535983,151.0,18.0,False,,0.0,480118.0
4041850,Lawton,OK,Principal City,738579,True,True,True,False,False,-0.002082976794340996,0.0005880129241921939,-1.0,-56.0,75.0,False,,0.0,738579.0
4048350,Midwest,OK,Metro City,412315,True,False,True,False,False,0.016853975476192717,-0.0035696782516706493,1.0,196.0,346.0,False,,0.0,412315.0
4049200,Moore,OK,Metro City,354545,True,False,True,False,False,0.0034521493348520504,0.016049152628822894,-0.6459570400702102,-406.0,131.0,False,,0.0,354545.0
4052500,Norman,OK,Metro City,984443,True,False,True,False,False,0.014675631365709485,0.008911535874062126,0.24437421556617456,1049.0,433.0,False,,0.0,984443.0
4055000,Oklahoma,OK,Principal City,5130024,True,True,True,False,False,0.02319706802360688,0.01004317103193908,0.3957220936253508,3615.0,4398.0,False,,0.0,5130024.0
4066800,Shawnee,OK,Metro City,337126,True,False,True,False,False,-0.0015602064906392599,0.0038822984674748984,-1.0,11.0,149.0,False,,0.0,337126.0
4075000,Tulsa,OK,Principal City,3509486,True,False,True,False,False,0.005421171922301182,0.0009930665400459393,0.690355590651816,447.0,723.0,False,,0.0,3509486.0
40143,Tulsa County,OK,Urban County,1564805,True,False,True,False,False,0.01996890104342275,0.01944984544218431,0.013167734834692444,2124.781425000023,2818.0,False,,0.0,1564805.0
4101000,Albany,OR,Principal City,373063,False,False,True,False,False,0.008949326988119122,0.007398756554370944,0.09484722962897224,216.0,23.0,False,,0.0,373063.0
4103050,Ashland,OR,Metro City,173259,False,False,False,False,True,0.007345492770076012,0.016089992583798063,-0.3731307323778773,-5.0,48.0,False,penalty,-17325.9,155933.1
4105350,Beaverton,OR,Principal City,679728,False,False,False,False,True,0.005166687737713449,0.012235158058508278,-0.4061908376598492,-424.0,161.0,False,penalty,-67972.8,611755.2
4105800,Bend,OR,Principal City,583169,False,False,False,False,True,0.027244241792453217,0.029571830206019056,-0.040967077302148346,1245.0,645.0,False,penalty,-58316.9,524852.1
41005,Clackamas County,OR,Urban County,2132803,False,False,True,False,False,0.008552164184792765,0.010472199666337279,-0.10092508199323907,1726.6441639999975,1140.0,False,,0.0,2132803.0
4115800,Corvallis,OR,Principal City,581812,False,False,True,False,False,0.0056590466585018095,0.009496028193383133,-0.2531812988310045,-156.0,83.0,False,,0.0,581812.0
4123850,Eugene,OR,Principal City,1483454,False,False,True,False,False,0.01744203799113797,0.01159566827136671,0.201337174049469,1302.0,1002.0,False,,0.0,1483454.0
4130550,Grants Pass,OR,Principal City,351555,False,False,False,False,True,0.007908088442560413,0.01767811786895135,-0.3818475200051521,133.0,94.0,False,penalty,-35155.5,316399.5
4131250,Gresham,OR,Metro City,943169,False,False,True,False,False,0.0070836567726162425,0.009412832201639576,-0.1411921914207448,-228.0,239.0,False,,0.0,943169.0
4134100,Hillsboro,OR,Principal City,681847,False,False,False,False,True,0.014298217314849149,0.025060841361334907,-0.27344719128148665,981.0,594.0,False,penalty,-68184.7,613662.3
41047,Marion County,OR,Urban County,1420109,False,False,False,False,True,0.0016423734793689082,0.005172562086388499,-0.5180076279455252,738.4940729999944,1682.0,False,penalty,-142010.9,1278098.1
4147000,Medford,OR,Principal City,615563,False,False,False,False,True,0.013113092737271348,0.012337772152350102,0.030463427796413024,194.0,372.0,False,penalty,-61556.3,554006.7
41051,Multnomah County,OR,Urban County,333210,False,False,True,False,False,0.013964272391120636,-0.007322378831878362,1.0,86.26318999996874,2040.0,False,,0.0,333210.0
4159000,Portland,OR,Principal City,8345073,False,False,True,False,False,0.013775922513609151,0.014424167107611074,-0.022987323895386737,3606.0,1700.0,False,,0.0,8345073.0
4161200,Redmond,OR,Principal City,219123,False,False,False,False,True,0.04258803731364447,0.010424828713754275,0.6067057114638401,568.0,522.0,True,bonus,66500.36985700807,285623.3698570081
4164900,Salem,OR,Principal City,1469203,False,False,False,False,True,0.01934636698027381,0.010113116771994113,0.31342199632296275,1131.0,905.0,False,bonus,132415.34913428896,1601618.349134289
4169600,Springfield,OR,Metro City,554348,False,False,True,False,False,0.004000471564414854,0.002419703032163323,0.24621893197329064,420.0,382.0,False,,0.0,554348.0
41067,Washington County,OR,Urban County,2013429,False,False,False,False,True,0.013418537351176596,0.009383307077202918,0.1769694678274083,2293.2317980000225,2273.0,False,penalty,-201342.90000000002,1812086.1
4209100156,Abington,PA,Metro City,715339,False,True,False,False,False,0.005941220421926907,0.0036305917025099,0.2413992971631755,-73.0,,False,,0.0,715339.0
42003,Allegheny County,PA,Urban County,13140833,True,True,False,False,False,0.002085461566345037,0.003791199709743065,-0.29025633148852864,2256.0,2999.0,False,,0.0,13140833.0
4202000,Allentown,PA,Principal City,2401678,True,False,False,False,False,0.015560848809720307,-0.0030103311019046286,1.0,291.0,271.0,False,,0.0,2401678.0
4202184,Altoona,PA,Principal City,1536368,True,True,False,False,False,0.0055090021986266,-0.002281815474064919,1.0,312.0,8.0,False,,0.0,1536368.0
42007,Beaver County,PA,Urban County,3190637,True,True,False,False,False,-0.0005424273219105658,0.0025989898163190084,-1.0,127.0,267.0,False,,0.0,3190637.0
4201705616,Bensalem Township,PA,Metro City,426178,False,False,False,False,True,0.0012559479715303912,-0.0056826284775578495,1.0,-284.0,,False,bonus,0.0,426178.0
42011,Berks County,PA,Urban County,2240548,True,False,False,False,False,0.0053260457568051756,0.0027274833054506953,0.3226613365726898,442.0,397.0,False,,0.0,2240548.0
4205888,Berwick Borough,PA,Principal City,277447,True,False,False,False,False,-0.008544542755538065,0.01948286029990398,-1.0,35.0,0.0,False,,0.0,277447.0
4206088,Bethlehem,PA,Principal City,1418306,True,False,False,False,False,0.005180323135514753,0.0005083402149963501,0.8212795577187116,156.0,152.0,False,,0.0,1418306.0
4207128,Bloomsburg,PA,Principal City,204315,True,False,False,False,False,0.0024340299287564093,-0.003057363085899767,1.0,55.0,0.0,False,,0.0,204315.0
4208760,Bristol Township,PA,Metro City,626184,True,False,False,False,False,-0.00047835467962487055,0.0055882975021592785,-1.0,-104.0,32.0,False,,0.0,626184.0
42017,Bucks County,PA,Urban County,2095451,False,False,False,False,True,0.006152696793205736,0.005431612009790587,0.0622466817552928,1345.0,718.0,False,penalty,-209545.1,1885905.9
4211272,Carlisle,PA,Principal City,341040,True,False,False,False,False,0.03478316759481648,0.004879715908171489,0.7539404361357701,586.0,41.0,False,,0.0,341040.0
4212536,Chambersburg,PA,Principal City,291250,True,False,False,False,False,0.02248857176589092,0.007637854974277936,0.49294650572720883,224.0,178.0,False,,0.0,291250.0
4213208,Chester,PA,Metro City,1234711,True,False,False,False,False,0.01077584688349087,-0.01329065039664934,1.0,84.0,9.0,False,,0.0,1234711.0
42029,Chester County,PA,Urban County,2477719,False,False,False,False,True,0.011783744743424585,0.0064160188865936,0.2949338225457833,1761.0,1529.0,False,bonus,206174.56217991412,2683893.562179914
42041,Cumberland County,PA,Urban County,1260456,True,False,False,False,False,0.007472000509510801,0.009381448640186196,-0.11329717221176204,427.0,1037.0,False,,0.0,1260456.0
42043,Dauphin County,PA,Urban County,1406426,True,False,False,False,False,0.009566706198256059,0.006130765499279933,0.21888497492978184,935.0,499.0,False,,0.0,1406426.0
42045,Delaware County,PA,Urban County,3604201,True,False,False,False,False,0.003618847266449121,0.003833159099294825,-0.028758943877298843,419.0,281.0,False,,0.0,3604201.0
4224000,Erie,PA,Principal City,2775245,True,True,False,False,False,-0.005905677046256774,-0.0021858856527028347,-0.45971236112799574,304.0,4.0,False,,0.0,2775245.0
4232800,Harrisburg,PA,Principal City,1806820,True,False,False,False,False,-0.01057211381844314,0.0017619375136515014,-1.0,-366.0,49.0,False,,0.0,1806820.0
4204533144,Haverford,PA,Metro City,803312,False,False,False,False,True,0.006242832429838918,-0.0021230212809807414,1.0,-35.0,,False,bonus,0.0,803312.0
4233408,Hazleton,PA,Principal City,658424,True,True,False,False,False,0.030845899762086404,-0.0025735635457594386,1.0,-114.0,5.0,False,,0.0,658424.0
4238288,Johnstown,PA,Principal City,1166725,True,False,True,False,False,-0.011037300511930748,0.002865611101753318,-1.0,-146.0,0.0,False,,0.0,1166725.0
4241216,Lancaster,PA,Principal City,1413647,True,False,False,False,False,-0.005840126709133697,-0.0024924200182128153,-0.40176272638640864,764.0,190.0,False,,0.0,1413647.0
42071,Lancaster County,PA,Urban County,2820083,True,False,False,False,False,0.007690823060720442,0.005995878918460873,0.12383875566500455,1361.0,1184.0,False,,0.0,2820083.0
4242168,Lebanon,PA,Principal City,695929,True,False,False,False,False,0.013745532816933803,-0.003965576648122027,1.0,34.0,17.0,False,,0.0,695929.0
42077,Lehigh County,PA,Urban County,1274277,True,False,False,False,False,0.0029187813609574675,0.008353598063921108,-0.48213571404177463,508.0,1062.0,False,,0.0,1274277.0
4209144976,Lower Merion,PA,Metro City,966616,False,False,False,False,True,0.008535455952371152,0.00493605759195459,0.26718589181336966,52.0,,False,penalty,-96661.6,869954.4
4204345056,Lower Paxton Township,PA,Metro City,261844,True,False,False,False,False,0.007903801390354515,0.005532518601957692,0.1764830541214847,78.0,,False,,0.0,261844.0
42079,Luzerne County,PA,Urban County,3941081,True,False,False,False,False,-0.0005861711292378669,0.0015826754366052853,-1.0,735.0,325.0,False,,0.0,3941081.0
4246256,Mckeesport,PA,Metro City,945414,True,False,False,False,False,-0.03249544966997264,0.005989539133056665,-1.0,-128.0,0.0,False,,0.0,945414.0
4249552,Millcreek Township,PA,Metro City,234533,True,False,False,False,False,-0.03530055959520717,-0.0013106204950233957,-0.9284032641508256,13.0,0.0,False,,0.0,234533.0
42091,Montgomery County,PA,Urban County,3373117,False,False,False,False,True,0.009439942738061813,0.00496420019544952,0.3107260573067106,1762.0,2490.0,False,bonus,206291.64029585957,3579408.6402958594
4254656,Norristown,PA,Metro City,736318,False,False,False,False,True,-0.01137530660915731,0.00034101767581029563,-1.0,-475.0,61.0,False,penalty,-73631.8,662686.2
42095,Northampton County,PA,Urban County,2250595,True,False,False,False,False,0.010803924018003341,0.004531770856209594,0.4089904770041044,592.0,546.0,False,,0.0,2250595.0
4200359032,Penn Hills,PA,Metro City,707778,True,False,False,False,False,-0.0016110578112511487,0.004717190559952789,-1.0,-74.0,,False,,0.0,707778.0
4260000,Philadelphia,PA,Principal City,44267048,True,False,False,False,False,0.017542165668652965,0.004825655051049038,0.5685180857338946,8545.0,2962.0,False,,0.0,44267048.0
4261000,Pittsburgh,PA,Principal City,12852093,True,True,False,False,False,0.005777331779058814,0.0030393864664135517,0.31054018472817535,2241.0,1664.0,False,,0.0,12852093.0
4263624,Reading,PA,Principal City,2462848,True,False,False,False,False,0.01390546987591934,-0.009377053841419514,1.0,-257.0,0.0,False,,0.0,2462848.0
4269000,Scranton,PA,Principal City,2619353,True,False,False,False,False,-0.003339782584276363,0.01517213042857768,-1.0,-111.0,2.0,False,,0.0,2619353.0
4269720,Sharon,PA,Metro City,539294,True,False,False,False,False,-0.010490185956419151,-0.0029017926715898534,-0.5666372009404461,-18.0,0.0,False,,0.0,539294.0
4273808,State College,PA,Principal City,477508,False,True,False,False,False,-0.01126715676637513,0.00668761460226297,-1.0,113.0,1.0,False,,0.0,477508.0
4204579000,Upper Darby,PA,Metro City,1685303,True,False,False,False,False,0.006168143242163193,0.0009725422197683908,0.7276053608709676,-143.0,,False,,0.0,1685303.0
42125,Washington County,PA,Urban County,3425458,True,False,False,False,False,0.0041126338669026374,0.005277785110915589,-0.1240787281978832,447.0,450.0,False,,0.0,3425458.0
42129,Westmoreland Co,PA,Urban County,3962299,True,False,False,False,False,-0.0010106427256291184,0.003193155461575836,-1.0,341.0,414.0,False,,0.0,3962299.0
4285152,Wilkes-Barre,PA,Principal City,1400226,True,False,False,False,False,0.0013094098750006111,0.006157309450578463,-0.6492676856045982,-212.0,6.0,False,,0.0,1400226.0
4285312,Williamsport,PA,Principal City,1002670,True,True,True,False,False,-0.005611167873315059,0.012486167802061132,-1.0,-30.0,3.0,False,,0.0,1002670.0
4287048,York,PA,Principal City,1347184,True,False,False,False,False,0.006438861092613157,-0.0028969869678183713,1.0,198.0,139.0,False,,0.0,1347184.0
42133,York County,PA,Urban County,2263829,True,False,False,False,False,0.006104881670001561,0.005661136298562797,0.03771415041387261,1051.0,1335.0,False,,0.0,2263829.0
4419180,Cranston,RI,Metro City,1085975,False,False,True,False,False,0.005193135431523999,0.0025983110049396796,0.3330350080365871,101.0,51.0,False,,0.0,1085975.0
4422960,East Providence,RI,Metro City,772761,False,False,True,False,False,0.007625423685058363,-1.895267518370325e-05,1.0,152.0,126.0,False,,0.0,772761.0
4454640,Pawtucket,RI,Metro City,1776064,True,False,True,False,False,0.006729295684043235,-0.0009115212388016714,1.0,-544.0,2.0,False,,0.0,1776064.0
4459000,Providence,RI,Principal City,5227138,False,False,True,False,False,0.015094249426018669,0.007051246962266999,0.3631890801962871,148.0,269.0,False,,0.0,5227138.0
4474300,Warwick,RI,Principal City,948131,False,False,True,False,False,0.00025608744475413836,-0.00013339380993915295,1.0,-242.0,317.0,False,,0.0,948131.0
4480780,Woonsocket,RI,Metro City,1050583,True,False,True,False,False,0.0077103149821979855,-0.007845294534178038,1.0,-7.0,26.0,False,,0.0,1050583.0
4500550,Aiken,SC,Metro City,207674,True,False,True,False,False,0.014489921954628393,-0.0012974555073836935,1.0,662.0,888.0,False,,0.0,207674.0
4501360,Anderson,SC,Principal City,555496,True,True,True,False,False,0.01609736119470706,0.0007304496166853358,0.9131854256180699,404.0,166.0,False,,0.0,555496.0
45015,Berkeley County,SC,Urban County,1264084,True,False,True,False,False,0.03698303720217888,0.022288880344270456,0.24791094106906741,2845.89712899999,3169.0,False,,0.0,1264084.0
4513330,Charleston,SC,Principal City,934538,False,True,True,False,False,0.03876594236499331,0.014440431262963571,0.45719167542078243,1591.0,1144.0,False,,0.0,934538.0
45019,Charleston County,SC,Urban County,1761701,False,True,True,False,False,0.01617670980384056,0.01717872702410328,-0.03004059654296804,1885.45571200001,4153.0,False,,0.0,1761701.0
4516000,Columbia,SC,Principal City,1137467,True,True,True,False,False,0.023742598933883752,0.009765706814869768,0.41711724322361216,1453.0,2148.0,False,,0.0,1137467.0
4525810,Florence,SC,Principal City,344189,True,True,True,False,False,0.01055092770898991,0.012678072938899998,-0.09157282580313307,-134.0,365.0,False,,0.0,344189.0
4530850,Greenville,SC,Principal City,678608,False,True,True,False,False,0.0315505799226794,0.021424331909245087,0.19115176719051927,828.0,404.0,False,,0.0,678608.0
45045,Greenville County,SC,Urban County,2849153,True,True,True,False,False,0.024501458076169103,0.013079686161748594,0.3039229418378499,5006.0,5575.0,False,,0.0,2849153.0
4534045,Hilton Head Island,SC,Principal City,210564,False,True,True,False,False,-0.030973149468764616,0.009576153552902644,-1.0,-153.0,116.0,False,,0.0,210564.0
45051,Horry County,SC,Urban County,1892350,True,True,True,False,False,0.01391291837976616,0.020171932461395148,-0.18363037910292165,5288.0,7331.0,False,,0.0,1892350.0
45063,Lexington County,SC,Urban County,1850758,True,False,True,False,False,0.013298521446054368,0.013475377155929058,-0.006605526991186438,2034.9863690000057,1758.0,False,,0.0,1850758.0
45079,Richland County,SC,Urban County,1755995,True,False,True,False,False,0.01153650665990158,0.01175975188984002,-0.009582879133221004,799.617098000017,3469.0,False,,0.0,1755995.0
4561405,Rock Hill,SC,Principal City,478911,True,False,True,False,False,0.016567337066723864,0.00921593215131522,0.2851230716027774,321.0,321.0,False,,0.0,478911.0
4568290,Spartanburg,SC,Principal City,637479,True,False,True,False,False,-0.0023772690730483603,-0.007989621145579773,0.5413727698636809,-128.0,37.0,False,,0.0,637479.0
45083,Spartanburg County,SC,Urban County,1661440,True,True,True,False,False,0.017949252839029484,0.010317760257383624,0.269978740081818,2302.4471970000013,3129.0,False,,0.0,1661440.0
4570270,Summerville,SC,Metro City,286717,True,True,True,False,False,0.01580902392297512,0.03296048489755088,-0.35168410323126104,577.0,237.0,False,,0.0,286717.0
4570405,Sumter,SC,Principal City,333755,True,False,True,False,False,0.008595527667039526,-0.009598124121662943,1.0,-3.0,,False,,0.0,333755.0
4652980,Rapid,SD,Principal City,491823,True,False,False,False,False,0.01600317822359343,0.014976648825169026,0.03313541411346935,826.0,866.0,False,,0.0,491823.0
4659020,Sioux Falls,SD,Principal City,1096917,True,False,True,False,False,0.03293107384555172,0.022935429793360163,0.1789201650562831,3150.0,2119.0,False,,0.0,1096917.0
4708540,Bristol,TN,Principal City,213209,True,True,True,False,False,0.0063156123569947376,0.0029832528948914305,0.3583619475964958,111.0,145.0,False,,0.0,213209.0
4714000,Chattanooga,TN,Principal City,1541191,True,False,True,False,False,0.0041106861221160695,0.013648351097786282,-0.5370597998962162,832.0,1037.0,False,,0.0,1541191.0
4715160,Clarksville,TN,Principal City,1149342,True,False,True,False,False,0.028614967504345223,0.016263070169149074,0.2752325630871196,2710.0,2069.0,False,,0.0,1149342.0
4715400,Cleveland,TN,Principal City,360274,True,False,True,False,False,0.024125486538944196,0.004351143360908694,0.6944060181130373,552.0,461.0,False,,0.0,360274.0
4727740,Franklin,TN,Principal City,364925,False,True,True,False,False,0.028720283731889173,0.032403389820706785,-0.0602566219395887,1268.0,945.0,False,,0.0,364925.0
4728540,Gallatin,TN,Metro City,330736,False,False,True,False,False,0.05679540172614517,0.04015126321797169,0.17168345623614478,1248.0,1035.0,True,,0.0,330736.0
4737640,Jackson,TN,Principal City,616212,True,False,True,False,False,0.0039238874065341545,0.0007077147921910054,0.6943974193699957,65.0,159.0,False,,0.0,616212.0
4738320,Johnson,TN,Principal City,620977,True,False,True,False,False,0.005385695493489662,0.01189200749582997,-0.3765727427055694,274.0,615.0,False,,0.0,620977.0
4739560,Kingsport,TN,Principal City,457885,True,False,True,False,False,0.00968542713785503,0.0027053711783302514,0.5633257665413852,317.0,165.0,False,,0.0,457885.0
47093,Knox County,TN,Urban County,1164604,True,False,True,False,False,0.013743103958909098,0.01347711767819848,0.009771642724172946,2342.0,4508.0,False,,0.0,1164604.0
4740000,Knoxville,TN,Principal City,1636277,True,False,True,False,False,0.011337804822900477,0.0017157790688842045,0.7371175482368431,1556.0,2096.0,False,,0.0,1636277.0
4748000,Memphis,TN,Principal City,6037192,True,True,True,False,False,-0.006777178779725834,0.002050477605156864,-1.0,-2403.0,,False,,0.0,6037192.0
4750280,Morristown,TN,Principal City,337032,True,True,True,False,False,0.009654681399203335,0.005107116756464247,0.308063055380087,-308.0,235.0,False,,0.0,337032.0
4751560,Murfreesboro,TN,Principal City,1002524,False,True,True,False,False,0.042224548115931126,0.028579227118656014,0.19272024623073306,1903.0,1096.0,True,,0.0,1002524.0
47037,Nashville-Davidson,TN,Principal City,5431624,False,True,True,False,False,0.027137016353236287,0.01649992367382236,0.24376348737601716,12087.0,6880.0,False,,0.0,5431624.0
4755120,Oak Ridge,TN,Metro City,211245,True,False,True,False,False,0.016190577491569602,-0.003286495648914589,1.0,370.0,230.0,False,,0.0,211245.0
47157,Shelby County,TN,Urban County,1216018,True,True,True,False,False,0.016853467589018623,0.00298268433812221,0.6992678470020035,3592.0,2061.0,False,,0.0,1216018.0
4769420,Smyrna,TN,Principal City,412974,False,False,True,False,False,0.021305390937722768,0.029309645708327725,-0.15813985923942883,288.0,1173.0,False,,0.0,412974.0
4770580,Spring Hill,TN,Metro City,186017,False,False,True,False,False,0.0881473438328324,0.04992128500816406,0.27686273953434054,495.0,665.0,True,,0.0,186017.0
4801000,Abilene,TX,Principal City,912242,True,False,True,False,False,0.014509513428741405,0.00536613780099815,0.4600289833050702,427.0,481.0,False,,0.0,912242.0
4801924,Allen,TX,Metro City,496598,False,True,True,False,False,0.023702089217855216,0.028322178153304067,-0.08880641994412962,1147.0,203.0,False,,0.0,496598.0
4803000,Amarillo,TX,Principal City,1603518,True,True,False,False,False,0.009508738623778878,0.007781935206764956,0.09986906432550582,794.0,1214.0,False,,0.0,1603518.0
4804000,Arlington,TX,Principal City,3096788,True,True,False,False,False,0.008916034191839506,-0.0002851016461972167,1.0,2618.0,1703.0,False,,0.0,3096788.0
4805000,Austin,TX,Principal City,7321442,False,False,True,False,False,0.030840132678728205,0.021313407131170914,0.18266690204121197,16643.0,9444.0,False,,0.0,7321442.0
4806128,Baytown,TX,Principal City,793686,True,True,True,False,False,0.03157847993887697,0.0028936348454045024,0.8321173584207293,260.0,489.0,False,,0.0,793686.0
4807000,Beaumont,TX,Principal City,1352666,True,True,True,False,False,-0.0019866175078574466,0.003939416392589212,-1.0,-3.0,197.0,False,,0.0,1352666.0
48029,Bexar County,TX,Urban County,3160136,True,True,False,False,False,0.0834889383012436,0.005508082266673764,0.8762187266152283,3704.4277259999653,8349.0,True,,0.0,3160136.0
48039,Brazoria County,TX,Urban County,1427334,True,True,True,False,False,0.020494139928159516,0.013146307473248298,0.21842255446946643,2471.6228649999975,3963.0,False,,0.0,1427334.0
4810768,Brownsville,TX,Principal City,2564396,True,False,True,False,False,0.024015068410977225,0.007094141956029976,0.5439201527561979,1128.0,1070.0,False,,0.0,2564396.0
4810912,Bryan,TX,Principal City,919611,True,True,True,False,False,0.02015493467282492,0.011927891854024653,0.25643135937275335,993.0,1099.0,False,,0.0,919611.0
4813024,Carrollton,TX,Metro City,755813,False,False,True,False,False,0.01388089328241593,0.017823131358708277,-0.1243450357144486,808.0,22.0,False,,0.0,755813.0
4815976,College Station,TX,Principal City,1229672,False,True,True,False,False,0.021258669475297864,0.03536094723638028,-0.2490705267910041,764.0,1112.0,False,,0.0,1229672.0
4816432,Conroe,TX,Principal City,721877,True,False,True,False,False,0.04308197111868295,0.07679504509267887,-0.28123050639293967,2212.0,2425.0,True,,0.0,721877.0
4817000,Corpus Christi,TX,Principal City,2646956,True,True,True,False,False,0.006090083767641197,0.008676463803175105,-0.17515130216662636,1298.0,1291.0,False,,0.0,2646956.0
4819000,Dallas,TX,Principal City,12944689,False,True,True,False,False,0.005560558747811584,0.017581875004474945,-0.5194490944789083,5594.0,6038.0,False,,0.0,12944689.0
48113,Dallas County,TX,Urban County,2229181,False,True,True,False,False,0.0027921874156136006,0.009953788388969542,-0.5618715336632605,656.1341129996581,12711.0,False,,0.0,2229181.0
4819900,Denison,TX,Principal City,277743,True,False,False,False,False,0.01959760045147152,1.933787130159459e-05,0.9980284516387407,244.0,316.0,False,,0.0,277743.0
4819972,Denton,TX,Principal City,1049336,False,False,True,False,False,0.033872456124081074,0.01878802069309904,0.2864469967362856,2707.0,1976.0,False,,0.0,1049336.0
4820092,Desoto,TX,Metro City,271460,False,False,True,False,False,0.011797808101982943,0.001964555201353857,0.7145032204058246,-303.0,186.0,False,,0.0,271460.0
4821892,Eagle Pass,TX,Principal City,358487,True,False,False,False,False,0.009980810952968877,0.006715533856488598,0.19556837941144437,-123.0,77.0,False,,0.0,358487.0
4822660,Edinburg,TX,Principal City,1259616,True,False,True,False,False,0.048518288224136175,0.03914377659816792,0.10693920620020655,1135.0,1295.0,True,,0.0,1259616.0
4824000,El Paso,TX,Principal City,6441184,True,False,False,False,False,0.01165639221056014,0.011366292948565171,0.012600583293820753,2421.0,1887.0,False,,0.0,6441184.0
4826232,Flower Mound Town,TX,Metro City,273152,False,True,True,False,False,0.02296009211408334,0.024982449294246756,-0.042182936505990615,310.0,71.0,False,,0.0,273152.0
48157,Fort Bend County,TX,Urban County,3663792,False,False,True,False,False,0.04371128133657454,0.04086878584150022,0.03360715579818267,10891.862143999984,12017.0,True,,0.0,3663792.0
4827000,Fort Worth,TX,Principal City,7116438,True,True,True,False,False,0.02695657410513208,0.01957621057362746,0.15860567087173436,8719.0,13148.0,False,,0.0,7116438.0
4827684,Frisco,TX,Metro City,774444,False,False,True,False,False,0.045959968562330866,0.07155605964162981,-0.21780936158661182,2566.0,1333.0,True,,0.0,774444.0
4828068,Galveston,TX,Metro City,1155999,True,True,True,False,False,0.025784767359751326,-0.008508584281577525,1.0,855.0,279.0,False,,0.0,1155999.0
4829000,Garland,TX,Metro City,1983303,False,False,True,False,False,0.016946237443023815,-0.002255435963577135,1.0,1262.0,544.0,False,,0.0,1983303.0
4830464,Grand Prairie,TX,Metro City,1544048,True,False,True,False,False,0.018652687529356893,0.008289412459574486,0.3846498630039956,1446.0,1582.0,False,,0.0,1544048.0
4832372,Harlingen,TX,Principal City,952807,True,False,True,False,False,0.032420872573985626,0.0048332798146510925,0.7405239682154013,108.0,413.0,False,,0.0,952807.0
48201,Harris County,TX,Urban County,15794784,True,True,True,False,False,0.019838251499845194,0.023492246886852586,-0.08432848739466951,16061.299313999945,29936.0,False,,0.0,15794784.0
48215,Hidalgo County,TX,Urban County,7417209,True,False,True,False,False,0.019245939453850447,0.014179315619276656,0.15158070816480332,2920.0,7292.0,False,,0.0,7417209.0
4835000,Houston,TX,Principal City,25534560,True,True,True,False,False,0.014417055412835333,0.011913738575863642,0.0950718325488438,17464.0,11898.0,False,,0.0,25534560.0
4837000,Irving,TX,Principal City,2225694,True,True,True,False,False,0.023252488633368484,0.0017712077060911824,0.8584375639742575,1200.0,546.0,False,,0.0,2225694.0
4839148,Killeen,TX,Principal City,1350070,True,True,True,False,False,0.01565951875755678,0.015341075072541788,0.010272180164039725,-16.0,1134.0,False,,0.0,1350070.0
4839952,Kyle,TX,Metro City,277869,False,False,True,False,False,0.07774973519245365,0.07995802778592043,-0.014002434323855015,1993.0,1768.0,True,,0.0,277869.0
4841464,Laredo,TX,Principal City,2859543,True,True,True,False,False,0.016095288134903907,0.01970250329394463,-0.10076641644807613,1701.0,1448.0,False,,0.0,2859543.0
4841980,League,TX,Metro City,451655,False,True,True,False,False,0.03343144990740021,0.028699324552797556,0.0761639524972307,662.0,928.0,False,,0.0,451655.0
4842508,Lewisville,TX,Metro City,847606,False,False,True,False,False,0.04910346174448965,0.005963025323553861,0.7834245240236377,1328.0,1690.0,True,,0.0,847606.0
4843888,Longview,TX,Principal City,654682,True,False,True,False,False,0.01407918134524122,0.00501248558758105,0.4749033067444082,353.0,157.0,False,,0.0,654682.0
4845000,Lubbock,TX,Principal City,2215657,True,True,False,False,False,0.020421377911269856,0.01414057816004144,0.1817258183613599,2570.0,1852.0,False,,0.0,2215657.0
4846776,Marshall,TX,Metro City,304234,True,True,True,False,False,0.001304177788325367,0.0013938603302006136,-0.03323990912487292,253.0,40.0,False,,0.0,304234.0
4845384,Mc Allen,TX,Principal City,1608590,True,True,True,False,False,0.013528484200285185,0.015193898000519734,-0.05798313623818703,924.0,1722.0,False,,0.0,1608590.0
4845744,McKinney,TX,Metro City,907326,False,False,True,False,False,0.032629454525977764,0.0571667316928266,-0.27325522608565356,3181.0,3910.0,False,,0.0,907326.0
4847892,Mesquite,TX,Metro City,1047108,False,True,True,False,False,0.014629241641784807,-0.006852501150499624,1.0,-15.0,719.0,False,,0.0,1047108.0
4848072,Midland,TX,Principal City,973186,False,True,False,False,False,0.0249331636511827,0.02218743906609877,0.05827014992906568,1147.0,1504.0,False,,0.0,973186.0
4848768,Mission,TX,Principal City,992431,True,True,True,False,False,0.029301016083681963,0.002992561784146641,0.814665207033137,837.0,695.0,False,,0.0,992431.0
4848804,Missouri,TX,Metro City,300081,False,False,True,False,False,0.02067972098473314,0.021403933877931047,-0.017208887763225485,671.0,118.0,False,,0.0,300081.0
48339,Montgomery County,TX,Urban County,2925262,False,True,True,False,False,0.04204667079998359,0.031976925750082597,0.13603425825291093,11779.625342999992,13246.0,True,,0.0,2925262.0
4850820,New Braunfels,TX,Principal City,454245,False,False,True,False,False,0.0671640024805431,0.062422873707534965,0.036586488635832415,2703.0,2438.0,True,,0.0,454245.0
4853388,Odessa,TX,Principal City,987543,True,False,False,False,False,0.01923261435806789,0.018786453337553022,0.011735190985923558,1037.0,1004.0,False,,0.0,987543.0
4854132,Orange,TX,Metro City,314115,True,True,True,False,False,-0.008599131873908816,0.004719232991863942,-1.0,271.0,119.0,False,,0.0,314115.0
4856000,Pasadena,TX,Metro City,1630927,True,True,True,False,False,0.0031624569593777796,-0.005450787268538981,1.0,-660.0,47.0,False,,0.0,1630927.0
4856348,Pearland,TX,Metro City,537831,False,True,True,False,False,0.01805323354253585,0.04553739886114472,-0.4322046232240035,1455.0,60.0,False,,0.0,537831.0
4857176,Pflugerville,TX,Metro City,347221,False,False,True,False,False,0.03182753709245145,0.033319251963982444,-0.02289774973005626,688.0,856.0,False,,0.0,347221.0
4857200,Pharr,TX,Metro City,1201828,True,False,True,False,False,0.014902005023546216,0.01905940269167483,-0.1224153516541461,567.0,298.0,False,,0.0,1201828.0
4858016,Plano,TX,Principal City,1616959,False,False,True,False,False,0.009494184853275023,0.00902087251944228,0.025563643919904233,1246.0,799.0,False,,0.0,1616959.0
4858820,Port Arthur,TX,Principal City,1006766,True,False,True,False,False,0.004668478519205932,0.0037395241729032414,0.11048454434660267,214.0,28.0,False,,0.0,1006766.0
4863500,Round Rock,TX,Principal City,672184,False,False,True,False,False,0.03741574360876143,0.025926765775627247,0.1813786341083251,2010.0,1937.0,False,,0.0,672184.0
4863572,Rowlett,TX,Metro City,299525,False,False,True,False,False,0.020924956797085947,0.026012955853135677,-0.1083984942825468,1705.0,155.0,False,,0.0,299525.0
4864472,San Angelo,TX,Principal City,641137,True,True,False,False,False,0.012493129863137886,0.006904227159155507,0.2881270215091185,299.0,233.0,False,,0.0,641137.0
4865000,San Antonio,TX,Principal City,13395048,True,True,True,False,False,0.022461620990480435,0.0060264180422588964,0.5769159094921801,9688.0,6258.0,False,,0.0,13395048.0
4865036,San Benito,TX,Metro City,329615,True,False,True,False,False,0.005270755777617264,0.00889078808042898,-0.255624128209362,500.0,111.0,False,,0.0,329615.0
4865600,San Marcos,TX,Metro City,754405,True,False,True,False,False,0.03565777025727623,0.04005094674406395,-0.058027353530637066,457.0,1282.0,False,,0.0,754405.0
4867496,Sherman,TX,Principal City,294784,True,False,False,False,False,0.029895751353348432,0.0077065446331114895,0.5901024428994169,859.0,1272.0,False,,0.0,294784.0
48439,Tarrant County,TX,Urban County,4163451,True,True,False,False,False,0.014204931835765766,0.008070809767386056,0.2753722941153073,3549.66043300007,18858.0,False,,0.0,4163451.0
4872176,Temple,TX,Principal City,717139,True,False,True,False,False,0.03937056552872509,0.007176339379217023,0.6916512754860935,2071.0,1318.0,False,,0.0,717139.0
4872368,Texarkana,TX,Principal City,382663,True,False,True,False,False,-0.002241850734350681,0.004832907285488464,-1.0,304.0,109.0,False,,0.0,382663.0
4872392,Texas,TX,Metro City,432691,True,False,True,False,False,0.03514290068928094,0.009333875803450464,0.5802809223381623,370.0,974.0,False,,0.0,432691.0
48453,Travis County,TX,Urban County,1787382,False,False,True,False,False,0.05782238995434197,0.03434295575389634,0.25475338935713326,5947.15810999996,16990.0,True,,0.0,1787382.0
4874144,Tyler,TX,Principal City,743501,True,True,True,False,False,0.015478798570150554,0.002467893430992296,0.724975117326899,558.0,347.0,False,,0.0,743501.0
4875428,Victoria,TX,Principal City,537925,True,True,True,False,False,0.01473104613151932,0.0072442274021800035,0.3406928572633327,557.0,43.0,False,,0.0,537925.0
4876000,Waco,TX,Principal City,1383840,True,False,False,False,False,0.020801775110381282,0.012366886074504979,0.2543029695669408,907.0,705.0,False,,0.0,1383840.0
4879000,Wichita Falls,TX,Principal City,1206417,True,True,False,False,False,0.0001937904163922255,8.310594737825916e-05,0.39973247574211945,-25.0,106.0,False,,0.0,1206417.0
48491,Williamson County,TX,Urban County,2200130,False,False,True,False,False,0.07853710984312601,0.028488181274737734,0.4676364627989742,8062.841328999988,7529.0,True,,0.0,2200130.0
4913850,Clearfield,UT,Principal City,206865,False,True,False,False,False,0.031264636398365075,-0.00360273051394544,1.0,344.0,181.0,False,,0.0,206865.0
49011,Davis County,UT,Urban County,936639,False,False,False,False,True,0.02119076571821199,0.01640690727380978,0.1272381523563266,2298.0,1468.0,False,penalty,-93663.90000000001,842975.1
4920810,Eagle Mountain,UT,Metro City,239813,False,False,True,False,False,0.11009966341928323,0.05973047065057546,0.2965857210475302,911.0,1136.0,True,,0.0,239813.0
4943660,Layton,UT,Metro City,392160,False,False,False,False,True,0.03137634943513179,0.01963945432041303,0.23006390668583943,658.0,435.0,False,penalty,-39216.0,352944.0
4944320,Lehi,UT,Metro City,332739,False,False,True,False,False,0.0723557531473007,0.04608916476281566,0.22176205486855768,1243.0,1027.0,True,,0.0,332739.0
4945860,Logan,UT,Principal City,558464,False,False,False,False,True,0.009505516025755334,0.020685754970851233,-0.3703136229790569,365.0,286.0,False,penalty,-55846.4,502617.6
4955980,Ogden,UT,Principal City,1022138,False,False,False,False,True,0.015589245805293084,0.006837261259477367,0.39025179090702494,538.0,417.0,False,bonus,62988.02637864497,1085126.0263786449
4957300,Orem,UT,Principal City,569542,False,False,True,False,False,0.011378805376357715,0.026698596816154163,-0.4023328945168735,808.0,40.0,False,,0.0,569542.0
4962470,Provo,UT,Principal City,1210634,False,False,True,False,False,0.004723446666021314,0.005855303045436688,-0.10699339811295885,-56.0,286.0,False,,0.0,1210634.0
4967000,Salt Lake,UT,Principal City,3250831,False,False,False,False,True,0.032840461371648866,0.012345610896523862,0.4535656552198444,3870.0,1283.0,False,bonus,453092.3087088403,3703923.30870884
49035,Salt Lake County,UT,Urban County,2393613,False,False,False,False,True,0.028439159332475317,0.014266679975484031,0.33186279878006925,3212.0,4550.0,False,bonus,376054.90841674287,2769667.908416743
4967440,Sandy,UT,Metro City,355402,False,False,False,False,True,0.012183455312700486,0.020551567329772702,-0.2556317772700948,461.0,25.0,False,penalty,-35540.200000000004,319861.8
4970850,South Jordan,UT,Metro City,253648,False,False,False,False,True,0.04801517812784173,0.0536462351105127,-0.055390307918191564,974.0,706.0,True,bonus,114034.0849308554,367682.08493085543
4965330,St George,UT,Principal City,625751,False,True,False,False,False,0.03542713969519151,0.020648621056781558,0.2635455754898512,1559.0,1281.0,False,,0.0,625751.0
4975360,Taylorsville,UT,Metro City,352902,False,False,False,False,True,-0.000582350416104882,0.004739090499008336,-1.0,-183.0,17.0,False,penalty,-35290.200000000004,317611.8
49049,Utah County,UT,Urban County,1425085,False,False,True,False,False,0.035733645972992,0.024446006169689394,0.18756572032919813,6283.969669999991,6321.0,False,,0.0,1425085.0
4982950,West Jordan,UT,Metro City,491304,False,True,False,False,False,0.017849553422052855,0.013102707691984516,0.15336022504396501,420.0,296.0,False,,0.0,491304.0
4983470,West Valley,UT,Metro City,1047855,False,False,False,False,True,0.01113663736928272,0.0013986713564628772,0.7768429342964293,742.0,68.0,False,bonus,86871.96203151408,1134726.9620315142
5010675,Burlington,VT,Principal City,745925,False,False,True,False,False,0.00854485669169991,0.005849863561979918,0.18722094505664677,-260.0,228.0,False,,0.0,745925.0
5101000,Alexandria,VA,Principal City,1068416,False,False,False,False,True,0.011485793205498807,0.007650535689233129,0.20041762123567444,274.0,25.0,False,penalty,-106841.6,961574.4
51013,Arlington County,VA,Urban County,1321685,False,False,False,False,True,0.01222746612466552,0.012210524640473341,0.0006932437431127176,1224.0,621.0,False,penalty,-132168.5,1189516.5
5107784,Blacksburg,VA,Principal City,546821,False,False,True,False,False,0.018653323639834074,0.004213779040733723,0.6314549246053333,135.0,67.0,False,,0.0,546821.0
5109816,Bristol,VA,Principal City,273121,True,True,True,False,False,-0.001978710031439568,-0.0023213195087553595,0.0796760752718598,-13.0,5.0,False,,0.0,273121.0
5114968,Charlottesville,VA,Principal City,445452,False,False,False,False,True,0.009207800429861024,0.010382572594221928,-0.05996680935665322,51.0,49.0,False,penalty,-44545.200000000004,400906.8
5116000,Chesapeake,VA,Metro City,1145305,False,False,False,False,True,0.012908800018316846,0.012011001445260128,0.03602751708792502,819.0,597.0,False,penalty,-114530.5,1030774.5
51041,Chesterfield County,VA,Urban County,1612176,False,False,False,False,True,0.021968491446099137,0.009966260104866453,0.3758360644227332,3137.0,2307.0,False,bonus,367274.0497208351,1979450.0497208352
5116608,Christiansburg,VA,Principal City,155108,True,True,True,False,False,0.021233276964456538,0.007601068411375422,0.47277676588098316,683.0,59.0,False,,0.0,155108.0
5118448,Colonial Heights,VA,Metro City,96066,True,False,False,False,False,0.009639114191229092,-0.002132653865926981,1.0,-12.0,17.0,False,,0.0,96066.0
5121344,Danville,VA,Metro City,868381,True,False,True,False,False,0.0027395695780121354,-0.002963680337942476,1.0,67.0,14.0,False,,0.0,868381.0
51059,Fairfax County,VA,Urban County,5768750,False,False,False,False,True,0.0076906921314947585,0.0023244929734564934,0.5358062883316408,1695.0,2861.0,False,bonus,198447.4065275153,5967197.4065275155
5129744,Fredericksburg,VA,Metro City,236645,False,False,False,False,True,0.011567237753368431,0.01216743816158461,-0.025287912519506833,111.0,37.0,False,penalty,-23664.5,212980.5
5135000,Hampton,VA,Principal City,897498,True,False,False,False,False,0.008011600258470919,0.00034621897322173467,0.9171508826348193,85.0,68.0,False,,0.0,897498.0
5135624,Harrisonburg,VA,Principal City,512366,True,False,False,False,False,0.004407609235483223,0.005149522799012374,-0.077629309802489,13.0,87.0,False,,0.0,512366.0
51087,Henrico County,VA,Urban County,1619559,False,False,False,False,True,0.01108997701262493,0.004952385897234013,0.38258647743338475,1952.0,1826.0,False,bonus,228536.48232549254,1848095.4823254924
5138424,Hopewell,VA,Metro City,239391,True,False,False,False,False,0.002410131117944525,0.00269529896556997,-0.05585579333389676,14.0,42.0,False,,0.0,239391.0
51107,Loudoun County,VA,Urban County,1564518,False,False,False,False,True,0.020125907996952686,0.028538722528594906,-0.1728732847817621,2199.0,3314.0,False,penalty,-156451.80000000002,1408066.2
5147672,Lynchburg,VA,Principal City,750979,True,True,False,False,False,0.01085701780968451,0.0015935199509107267,0.7440239158256978,199.0,472.0,False,,0.0,750979.0
5156000,Newport News,VA,Principal City,1304472,True,False,False,False,False,0.010805743376497423,0.0022163349539556787,0.6596034983490133,202.0,6.0,False,,0.0,1304472.0
5157000,Norfolk,VA,Principal City,4381461,True,False,False,False,False,0.011709833624996557,0.004085643653456872,0.4826818358910765,982.0,438.0,False,,0.0,4381461.0
5161832,Petersburg,VA,Metro City,585812,True,True,False,False,False,0.020050903154317457,-0.0013145288220430817,1.0,49.0,135.0,False,,0.0,585812.0
5164000,Portsmouth,VA,Principal City,1545652,True,False,False,False,False,0.011519252535763247,0.00015163225474901232,0.9740152940465524,85.0,300.0,False,,0.0,1545652.0
51153,Prince William County,VA,Urban County,2634741,False,False,False,False,True,0.016856906263972293,0.010924488347157535,0.21353924091478488,1596.0,1418.0,False,penalty,-263474.10000000003,2371266.9
5165392,Radford,VA,Principal City,166346,True,False,True,False,False,-0.001816961995355526,0.0014174838136602474,-1.0,2.0,28.0,False,,0.0,166346.0
5167000,Richmond,VA,Principal City,4321483,False,False,False,False,True,0.02614095399675609,0.0026792280326985995,0.8140727889948519,1445.0,2540.0,False,bonus,169177.8775411561,4490660.8775411565
5168000,Roanoke,VA,Principal City,1805116,True,True,True,False,False,0.00876234291480138,-0.0013558797397557054,1.0,175.0,113.0,False,,0.0,1805116.0
5175216,Staunton,VA,Principal City,317797,True,False,False,False,False,0.009509559969157033,0.0014269270541580337,0.739052028111765,45.0,71.0,False,,0.0,317797.0
5176432,Suffolk,VA,Metro City,516501,False,False,False,False,True,0.019512362211454137,0.01660874828732828,0.08038551096660593,848.0,680.0,False,penalty,-51650.100000000006,464850.9
5182000,Virginia Beach,VA,Principal City,2116284,False,False,False,False,True,0.006937920721084456,0.005447384035338398,0.12034719492655885,560.0,666.0,False,penalty,-211628.40000000002,1904655.6
5183680,Waynesboro,VA,Principal City,163791,True,False,False,False,False,0.009534109358793286,0.004284803002327031,0.37986392990198303,115.0,390.0,False,,0.0,163791.0
5186720,Winchester,VA,Principal City,249133,False,False,False,False,True,0.010225832373142119,0.00010071000758182791,0.9804949219460294,73.0,91.0,False,bonus,8546.702464016882,257679.70246401688
5301990,Anacortes,WA,Principal City,108427,False,False,True,False,False,0.01759452266508532,0.01168031372709355,0.20202363759654776,203.0,23.0,False,,0.0,108427.0
5303180,Auburn,WA,Principal City,584178,False,False,True,False,False,0.00552435035326182,0.011672772286468458,-0.3575262014473295,-296.0,0.0,False,,0.0,584178.0
5305210,Bellevue,WA,Principal City,879477,False,False,True,False,False,0.0113227069808286,0.01697362843865191,-0.19970506336071184,485.0,589.0,False,,0.0,879477.0
5305280,Bellingham,WA,Principal City,795516,False,False,False,False,True,0.02354834591257582,0.014778632928256652,0.22881305152537001,324.0,535.0,False,penalty,-79551.6,715964.4
5307695,Bremerton,WA,Principal City,381073,False,False,False,False,True,0.01319475623493438,0.012102919867879258,0.04315955199274948,849.0,148.0,False,penalty,-38107.3,342965.7
53011,Clark County,WA,Urban County,1591236,False,False,True,False,False,0.02148009242211435,0.013786999771099095,0.21813799132823486,1290.0,3594.0,False,,0.0,1591236.0
5322640,Everett,WA,Principal City,869124,False,False,True,False,False,0.006835529146441699,0.006598297247314866,0.017659294691874803,190.0,592.0,False,,0.0,869124.0
5323515,Federal Way,WA,Metro City,788336,False,False,True,False,False,0.00369055533807483,0.00093207474560697,0.5967340112732544,-772.0,31.0,False,,0.0,788336.0
5335275,Kennewick,WA,Principal City,629426,False,False,False,False,True,0.013529171504573556,0.013371889699022699,0.005846676618461105,429.0,581.0,False,penalty,-62942.600000000006,566483.4
5335415,Kent,WA,Principal City,1059334,False,False,True,False,False,0.014200207550674637,0.0031370188391328657,0.6381175663741567,719.0,184.0,False,,0.0,1059334.0
53033,King County,WA,Urban County,5616834,False,False,True,False,False,0.009818862336689493,0.011467534998063078,-0.0774519349350832,4276.7448180000065,10564.0,False,,0.0,5616834.0
53035,Kitsap County,WA,Urban County,1093594,False,False,False,False,True,0.0063067195261894415,0.007261881360721256,-0.0703950129046272,792.0,1294.0,False,penalty,-109359.40000000001,984234.6
5336745,Lacey,WA,Principal City,348393,False,False,False,False,True,0.04118608309621341,0.01624920181889289,0.4341735453071944,453.0,178.0,True,bonus,53036.386523282854,401429.38652328285
5338038,Lakewood,WA,Principal City,482320,False,True,False,False,False,0.011846839638316453,-0.0011755431489902657,1.0,581.0,451.0,False,,0.0,482320.0
5340245,Longview,WA,Principal City,270235,False,False,True,False,False,-0.0013967196240269875,0.004159042187672268,-1.0,-129.0,93.0,False,,0.0,270235.0
5343955,Marysville,WA,Metro City,406499,False,False,True,False,False,0.00895957573535644,0.015452030699018238,-0.2659577107764439,20.0,747.0,False,,0.0,406499.0
5347560,Mount Vernon,WA,Principal City,377614,False,False,True,False,False,0.009561362555287278,0.009633309587956829,-0.0037482814049977597,71.0,109.0,False,,0.0,377614.0
5351300,Olympia,WA,Principal City,341583,False,False,False,False,True,0.024791305995182977,0.012248370881258186,0.33863511163356397,363.0,282.0,False,bonus,42499.35608819354,384082.35608819354
5353545,Pasco,WA,Metro City,650672,False,False,False,False,True,0.024635566573335765,0.026725688086437493,-0.04069451821119035,698.0,892.0,False,penalty,-65067.200000000004,585604.8
53053,Pierce County,WA,Urban County,3207750,False,False,False,False,True,0.012053534163627644,0.012982694431904251,-0.03711262919377684,2268.1135899999936,3207.0,False,penalty,-320775.0,2886975.0
5358235,Richland,WA,Principal City,291463,False,False,False,False,True,0.025844791755527563,0.016240092610580348,0.22822206332785216,603.0,449.0,False,penalty,-29146.300000000003,262316.7
5363000,Seattle,WA,Principal City,8917476,False,False,True,False,False,0.02132518887292556,0.02632570083092145,-0.10494057905475336,10985.0,5895.0,False,,0.0,8917476.0
53061,Snohomish County,WA,Urban County,3309657,False,False,True,False,False,0.015097362027667316,0.012187830902034236,0.10663406827026255,3186.8278870000213,4149.0,False,,0.0,3309657.0
5367000,Spokane,WA,Principal City,3017244,False,False,True,False,False,0.008192998202800394,0.0068840398718921225,0.08681800260924041,772.0,1321.0,False,,0.0,3017244.0
53063,Spokane County,WA,Urban County,1803488,False,False,True,False,False,0.01673578678176768,0.016941846283244688,-0.006118586216532007,2277.0,3626.0,False,,0.0,1803488.0
5370000,Tacoma,WA,Principal City,2370358,False,False,False,False,True,0.015026688381069908,0.008940857070043773,0.25391967331153426,1147.0,402.0,False,penalty,-237035.80000000002,2133322.2
53067,Thurston County,WA,Urban County,919511,False,False,False,False,True,0.011615144001316802,0.011323700324687325,0.012705246719822243,1467.0,1222.0,False,penalty,-91951.1,827559.9
5374060,Vancouver,WA,Principal City,1407808,False,False,True,False,False,0.024240654660746097,0.017054338797886537,0.17402390122808642,1971.0,1205.0,False,,0.0,1407808.0
5375775,Walla Walla,WA,Principal City,408743,False,True,False,False,False,0.00915239999574946,0.013036055077109587,-0.17503044121853348,-91.0,154.0,False,,0.0,408743.0
5377105,Wenatchee,WA,Principal City,234918,False,False,False,False,True,0.012321144769600334,0.01755725655842033,-0.17524738794874706,124.0,73.0,False,penalty,-23491.800000000003,211426.2
5380010,Yakima,WA,Principal City,1023311,True,False,False,False,False,0.00914408444511805,0.002414032704434854,0.5822792461437831,139.0,134.0,False,,0.0,1023311.0
5405332,Beckley,WV,Principal City,289846,True,False,True,False,False,0.003632198766403194,-0.0061404088212448915,1.0,-194.0,1.0,False,,0.0,289846.0
5414600,Charleston,WV,Principal City,1501940,True,True,True,False,False,-0.002069766736259804,-0.0012736928148340265,-0.23809886414367942,-42.0,31.0,False,,0.0,1501940.0
5439460,Huntington,WV,Principal City,1596831,True,True,True,False,False,-0.004462619255566125,-0.0049625236281226615,0.053039447648234005,-275.0,6.0,False,,0.0,1596831.0
5452060,Martinsburg,WV,Principal City,310180,True,False,False,False,False,0.005947354487077838,0.0006347351433906301,0.8071326344592928,71.0,91.0,False,,0.0,310180.0
5455756,Morgantown,WV,Principal City,470309,True,True,False,False,False,0.014297526651919634,0.009059163093884326,0.22427679671415693,-300.0,1.0,False,,0.0,470309.0
5462140,Parkersburg,WV,Principal City,858894,True,True,True,False,False,0.0016224643790823112,-0.004375249493460132,1.0,2.0,5.0,False,,0.0,858894.0
5483500,Vienna,WV,Principal City,94632,True,False,True,False,False,0.012832908911987406,-0.008007435953894304,1.0,132.0,7.0,False,,0.0,94632.0
5485156,Weirton,WV,Principal City,392897,True,False,True,False,False,0.014612611845900902,-0.01648982675258559,1.0,159.0,10.0,False,,0.0,392897.0
5486452,Wheeling,WV,Principal City,1131704,True,False,True,False,False,0.002378049510527225,-0.005102586351602989,1.0,9.0,0.0,False,,0.0,1131704.0
5502375,Appleton,WI,Principal City,575860,True,False,False,False,False,0.011390573479745036,-8.537242201234196e-05,1.0,222.0,131.0,False,,0.0,575860.0
5506500,Beloit,WI,Principal City,524164,True,False,False,False,False,-0.011575101582038672,-0.0030621747496371032,-0.5815922743754712,-9.0,47.0,False,,0.0,524164.0
55025,Dane County,WI,Urban County,1088902,False,False,False,False,True,0.023070475167140225,0.012685705981894113,0.2904328385059256,6181.0,5477.0,False,penalty,-108890.20000000001,980011.8
5522300,Eau Claire,WI,Principal City,556399,True,False,False,False,False,0.017984508905128482,0.0023468243147504175,0.7691421128786756,1102.0,404.0,False,,0.0,556399.0
5526275,Fond Du Lac,WI,Principal City,572864,True,False,False,False,False,0.010752879302048601,-0.00010322580865163022,1.0,268.0,32.0,False,,0.0,572864.0
5531000,Green Bay,WI,Principal City,938354,True,False,False,False,False,0.004596528244219078,-0.0031580371959935016,1.0,-96.0,476.0,False,,0.0,938354.0
5537825,Janesville,WI,Principal City,445415,True,False,False,False,False,0.010736228555552563,0.004853179959683818,0.3773747150264823,159.0,302.0,False,,0.0,445415.0
5539225,Kenosha,WI,Metro City,1021655,True,False,False,False,False,0.007629328890412124,0.0007691035577901406,0.8168459263002652,508.0,81.0,False,,0.0,1021655.0
5540775,La Crosse,WI,Principal City,882603,True,False,False,False,False,0.013690167218130878,0.005067360811605637,0.45969844175924524,130.0,19.0,False,,0.0,882603.0
5548000,Madison,WI,Principal City,2045072,False,False,False,False,True,0.029959140748253343,0.012645755138105619,0.406370799645377,2682.0,2812.0,False,bonus,314003.50696566136,2359075.5069656614
5553000,Milwaukee,WI,Principal City,15266737,True,True,False,False,False,0.0005079111479802112,0.00037109268707569143,0.15565172237936645,1128.0,236.0,False,,0.0,15266737.0
55079,Milwaukee County,WI,Urban County,1799375,True,False,False,False,False,0.003719958610041596,0.000534199835266147,0.7488575744726389,2877.0,1005.0,False,,0.0,1799375.0
5555750,Neenah,WI,Principal City,193278,True,False,False,False,False,0.00853870481506136,0.0037467471547008024,0.39005139348188966,142.0,129.0,False,,0.0,193278.0
5560500,Oshkosh,WI,Principal City,822816,True,False,False,False,False,0.005156478193762082,0.003845046273027286,0.145689980133171,267.0,268.0,False,,0.0,822816.0
5566000,Racine,WI,Principal City,1743518,True,True,False,False,False,0.00749457432629641,-0.002712292961442486,1.0,806.0,10.0,False,,0.0,1743518.0
5572975,Sheboygan,WI,Principal City,910675,True,False,False,False,False,0.007660079664376429,-0.003048561445136655,1.0,115.0,64.0,False,,0.0,910675.0
5578650,Superior,WI,Metro City,666237,True,False,False,False,False,0.005441502498533257,-0.0033124911959065972,1.0,267.0,1.0,False,,0.0,666237.0
55133,Waukesha County,WI,Urban County,1442980,False,False,False,False,True,0.011707155814236314,0.004952496326342759,0.40545021173886103,2024.0,1917.0,False,bonus,236966.106673564,1679946.106673564
5584475,Wausau,WI,Principal City,578864,True,True,False,False,False,0.000728161309869968,0.003303261439720151,-0.638757155922682,-56.0,74.0,False,,0.0,578864.0
5584675,Wauwatosa,WI,Metro City,988733,False,False,False,False,True,0.01879839620696777,0.00024275926746564203,0.9745016243587112,552.0,1.0,False,bonus,64627.12000188109,1053360.1200018812
5585300,West Allis,WI,Principal City,1180732,True,True,False,False,False,0.009096291578440496,-0.0020800048363890378,1.0,453.0,250.0,False,,0.0,1180732.0
5613900,Cheyenne,WY,Principal City,416112,False,False,False,False,True,0.006513527148467979,0.01616632864929768,-0.42561123787130345,109.0,323.0,False,penalty,-41611.200000000004,374500.8
72005,Aguadilla Municipio,PR,Principal City,905373,True,False,True,False,False,0.010756629080730828,0.0017541898600599293,0.71957233681314,1011.0,,False,,0.0,905373.0
72013,Arecibo Municipio,PR,Metro City,1309919,True,False,True,False,False,0.009150329724959105,0.0007763984511808264,0.8435741490238461,1822.0,,False,,0.0,1309919.0
72021,Bayamon Municipio,PR,Metro City,2244635,True,False,True,False,False,0.011379325354202718,-0.0012739016890777055,1.0,3309.0,,False,,0.0,2244635.0
72023,Cabo Rojo Municipio,PR,Metro City,717729,True,False,True,False,False,-0.006862076341773715,0.0027612487970662958,-1.0,483.0,,False,,0.0,717729.0
72025,Caguas Municipio,PR,Principal City,1686988,True,True,True,False,False,0.013056936059867352,0.0005988987351714936,0.9122867632538916,2469.0,,False,,0.0,1686988.0
72029,Canovanas Municipio,PR,Metro City,631437,True,False,True,False,False,0.01076384985543366,-0.0006993329347755317,1.0,752.0,,False,,0.0,631437.0
72031,Carolina Municipio,PR,Metro City,1881384,True,False,True,False,False,0.008153301943142566,0.0016363837812334303,0.6656922750525304,2926.0,,False,,0.0,1881384.0
72035,Cayey Municipio,PR,Metro City,565543,True,False,True,False,False,0.005662641239888355,0.006418620044174261,-0.06257449338366515,698.0,,False,,0.0,565543.0
72041,Cidra Municipio,PR,Metro City,548514,True,False,True,False,False,0.01771411582336624,-0.0020587154677996766,1.0,609.0,,False,,0.0,548514.0
72053,Fajardo Municipio,PR,Metro City,486517,True,False,True,False,False,0.009337465940247869,-0.00034676702351699173,1.0,665.0,,False,,0.0,486517.0
72057,Guayama Municipio,PR,Principal City,341844,True,False,True,False,False,0.007752281045758647,-0.00402453670344205,1.0,756.0,,False,,0.0,341844.0
72061,Guaynabo Municipio,PR,Principal City,881466,True,False,True,False,False,0.01214850368738074,0.0012423580939748824,0.8144468796318033,1373.0,,False,,0.0,881466.0
72069,Humacao Municipio,PR,Metro City,710340,True,False,True,False,False,0.010071803382678546,0.00018131956496869606,0.9646313487325726,1133.0,,False,,0.0,710340.0
72071,Isabela Municipio,PR,Principal City,681763,True,True,True,False,False,0.015077943558108986,0.0016968255043952052,0.7976931309071748,1194.0,,False,,0.0,681763.0
72075,Juana Diaz Municipio,PR,Metro City,729473,True,False,True,False,False,0.013622884940424962,-0.00319800863389863,1.0,903.0,,False,,0.0,729473.0
72091,Manati Municipio,PR,Metro City,674562,True,True,True,False,False,0.009556954420569586,-0.0010205747220259909,1.0,724.0,,False,,0.0,674562.0
72097,Mayaguez Municipio,PR,Principal City,1316963,True,True,True,False,False,0.007705338844655962,-0.0006008386765654627,1.0,1411.0,,False,,0.0,1316963.0
72113,Ponce Municipio,PR,Principal City,2362953,True,False,True,False,False,0.011391345669106157,-0.0029777203772435312,1.0,2797.0,,False,,0.0,2362953.0
72119,Rio Grande Municipio,PR,Metro City,637034,True,False,True,False,False,0.00440392924060462,-0.002955938800374369,1.0,594.0,,False,,0.0,637034.0
72125,San German Municipio,PR,Principal City,541078,True,False,True,False,False,0.007023479939031407,0.005071149107488182,0.16142130726241974,447.0,,False,,0.0,541078.0
72127,San Juan Municipio,PR,Principal City,7031753,True,True,True,False,False,0.010151451208188833,0.0010539400150844092,0.8118869758165321,8015.0,,False,,0.0,7031753.0
72131,San Sebastian Municipio,PR,Metro City,694475,True,True,True,False,False,0.012804984608139058,0.006741674538668807,0.31019674635603606,660.0,,False,,0.0,694475.0
72135,Toa Alta Municipio,PR,Metro City,813782,True,False,True,False,False,0.01217100777577551,0.006870928978794266,0.2783371704934009,1053.0,,False,,0.0,813782.0
72137,Toa Baja Municipio,PR,Metro City,1004618,True,False,True,False,False,0.010848195492807466,-0.00024195502470325536,1.0,1352.0,,False,,0.0,1004618.0
72139,Trujillo Alto Municipio,PR,Metro City,779368,True,False,True,False,False,0.009210064863166556,0.002846717735258908,0.5277815267846547,824.0,,False,,0.0,779368.0
72145,Vega Baja Municipio,PR,Metro City,900819,True,True,True,False,False,0.01876856404794025,4.06355399773517e-05,0.9956791845620635,1243.0,,False,,0.0,900819.0
72153,Yauco Municipio,PR,Metro City,511111,True,True,True,False,False,-0.0015342939575594405,0.00673163474846783,-1.0,188.0,,False,,0.0,511111.0
